/**
 * ESP Dashboard - Compressed HTML Header
 * 
 * Auto-generated by html_to_header.py
 * DO NOT EDIT MANUALLY - changes will be overwritten!
 * 
 * Generated: 2026-05-10 22:41:18
 * Content hash: 89b45881
 * 
 * Source: dashboard.html
 * Original size: 117,485 bytes
 * Compressed size: 21,562 bytes
 * Compression ratio: 81.6%
 * 
 * ESP Dashboard Library
 * https://github.com/aaronbeckmann/ESP-DashboardPlus
 */

#ifndef DASHBOARD_HTML_H
#define DASHBOARD_HTML_H

#include <Arduino.h>
#include <pgmspace.h>

// Size constants
#define DASHBOARD_HTML_SIZE 21562
#define DASHBOARD_HTML_ORIGINAL_SIZE 117485
#define DASHBOARD_HTML_HASH "89b45881"

// Compressed HTML data in PROGMEM
const uint8_t DASHBOARD_HTML_DATA[21562] PROGMEM = {
    0x1F, 0x8B, 0x08, 0x00, 0x6E, 0xED, 0x00, 0x6A, 0x02, 0xFF, 0xED, 0xBD, 0xDB, 0x92, 0xE3, 0x48,
    0xB2, 0x18, 0xF8, 0x2E, 0x33, 0xFD, 0x03, 0x8A, 0xD3, 0x2D, 0x92, 0xD3, 0x49, 0x26, 0xC9, 0x4C,
    0xE6, 0xB5, 0x32, 0x5B, 0x75, 0xED, 0xAE, 0x51, 0xDD, 0xAC, 0xAB, 0x7A, 0xE6, 0x8C, 0xFA, 0xB4,
    0x29, 0x41, 0x12, 0x49, 0x62, 0x0A, 0x24, 0xB8, 0x00, 0x98, 0x97, 0x2E, 0xF1, 0x61, 0xCD, 0x64,
    0x7A, 0x95, 0x69, 0x67, 0xD7, 0x76, 0x4D, 0xB6, 0x66, 0xDA, 0x7D, 0xD9, 0x4F, 0x58, 0xB3, 0xFD,
    0x1D, 0x7D, 0x81, 0x3E, 0x61, 0xDD, 0x3D, 0x22, 0x80, 0xB8, 0x02, 0x20, 0x33, 0xB3, 0xBA, 0x5B,
    0xE7, 0xCC, 0xA5, 0x92, 0x00, 0x22, 0x3C, 0x22, 0x3C, 0x3C, 0x3C, 0xDC, 0x3D, 0xDC, 0x3D, 0x1E,
    0x3F, 0x7A, 0xFE, 0xEE, 0xD9, 0xC7, 0xBF, 0xBE, 0x7F, 0xE1, 0xCD, 0xB2, 0x79, 0x74, 0xFE, 0x2F,
    0xFF, 0xC5, 0x63, 0xFC, 0xEB, 0x45, 0xFE, 0x62, 0x7A, 0xD6, 0x08, 0x16, 0x0D, 0x78, 0x83, 0xEF,
    0x02, 0x7F, 0x02, 0xBF, 0x3C, 0xEF, 0xF1, 0x3C, 0xC8, 0x7C, 0x6F, 0x3C, 0xF3, 0x93, 0x34, 0xC8,
    0xCE, 0x1A, 0x3F, 0x7E, 0x7C, 0xD9, 0x39, 0x6A, 0x48, 0x5F, 0x16, 0xFE, 0x3C, 0x38, 0x6B, 0x5C,
    0x85, 0xC1, 0xF5, 0x32, 0x4E, 0xB2, 0x86, 0x37, 0x8E, 0x17, 0x59, 0xB0, 0x80, 0x92, 0xD7, 0xE1,
    0x24, 0x9B, 0x9D, 0x4D, 0x82, 0xAB, 0x70, 0x1C, 0x74, 0xE8, 0x61, 0xC7, 0x0B, 0x17, 0x61, 0x16,
    0xFA, 0x51, 0x27, 0x1D, 0xFB, 0x51, 0x70, 0xD6, 0xEF, 0xF6, 0x38, 0xA4, 0x2C, 0xCC, 0xA2, 0xE0,
    0xFC, 0xC5, 0x87, 0xF7, 0x9D, 0xE7, 0x7E, 0x3A, 0x1B, 0xC5, 0x7E, 0x32, 0x79, 0x1F, 0xAD, 0xD2,
    0xC7, 0xBB, 0xEC, 0x03, 0x95, 0x49, 0xB3, 0x5B, 0xFE, 0xD3, 0xF3, 0xFE, 0xB8, 0xC3, 0xFF, 0x9E,
    0x9C, 0x8C, 0x82, 0xCB, 0x38, 0x09, 0x8A, 0x67, 0xFF, 0x32, 0x0B, 0x12, 0xEF, 0x33, 0x7B, 0xF6,
    0xBC, 0x51, 0x7C, 0xD3, 0x49, 0xC3, 0x5F, 0xC2, 0xC5, 0xF4, 0x04, 0x7E, 0x27, 0x93, 0x20, 0xE9,
    0xC0, 0xAB, 0x53, 0xF1, 0x79, 0xEE, 0x27, 0xD3, 0x70, 0x71, 0xE2, 0xF5, 0xF2, 0x37, 0x4B, 0x7F,
    0x32, 0xA1, 0xD2, 0xE2, 0xD5, 0x1A, 0xF1, 0x81, 0x3F, 0x76, 0xFF, 0xE8, 0x7D, 0x9C, 0x05, 0xF3,
    0xC0, 0xBB, 0xF2, 0x93, 0xD0, 0x1F, 0x45, 0x41, 0xEA, 0x75, 0xBC, 0xE7, 0xC1, 0xA5, 0xBF, 0x8A,
    0x32, 0x2F, 0x4C, 0xBD, 0x89, 0x9F, 0x7C, 0xDA, 0xF1, 0xD2, 0xEB, 0x30, 0x1B, 0xCF, 0x82, 0x89,
    0x77, 0x15, 0xFA, 0xDE, 0x9F, 0x3E, 0x78, 0x7F, 0xDC, 0x65, 0xB5, 0x4F, 0x92, 0x38, 0xCE, 0x8A,
    0x7E, 0x75, 0x3A, 0x23, 0x68, 0xE3, 0x0F, 0xBD, 0xCB, 0xFE, 0x7E, 0xFF, 0xF8, 0x54, 0x7E, 0xDB,
    0x49, 0x03, 0xC0, 0x21, 0x00, 0xBB, 0x85, 0xEF, 0xFD, 0x61, 0x7F, 0x34, 0xD8, 0x53, 0xBF, 0x8F,
    0x01, 0x3B, 0xF8, 0xC9, 0x1F, 0xEC, 0xED, 0x0D, 0xCC, 0x4F, 0x9D, 0x59, 0x7C, 0x15, 0x24, 0x58,
    0xE0, 0x72, 0x70, 0xBC, 0x77, 0x28, 0x15, 0xC8, 0x82, 0x9B, 0x0C, 0xDE, 0x07, 0x47, 0xC1, 0xE8,
    0xB2, 0xA7, 0xBD, 0xEF, 0xCC, 0x57, 0x59, 0x80, 0x60, 0x0F, 0x46, 0x87, 0x47, 0x47, 0x47, 0xD2,
    0xD7, 0x65, 0x12, 0xCE, 0x59, 0x67, 0x7A, 0xBD, 0xC9, 0xBE, 0xEF, 0x9B, 0x9F, 0x3A, 0xD3, 0x28,
    0xBE, 0x3E, 0xF1, 0x92, 0xE9, 0xC8, 0x6F, 0xF5, 0x76, 0xBC, 0x41, 0x7F, 0xB0, 0xE3, 0xF5, 0x0F,
    0xE1, 0x57, 0xAF, 0x3B, 0x18, 0xB6, 0x2D, 0xE5, 0x11, 0x53, 0x04, 0xCF, 0x3F, 0x3A, 0x92, 0xE1,
    0xA5, 0xAB, 0xF1, 0x38, 0x48, 0x53, 0xF8, 0x34, 0x18, 0x8C, 0x87, 0xC3, 0xC0, 0xFC, 0x24, 0x37,
    0xB5, 0xB7, 0x0F, 0xCD, 0x1C, 0x1F, 0xEE, 0x78, 0xC7, 0xFB, 0x66, 0x53, 0xD7, 0x7E, 0xB2, 0xA0,
    0x69, 0xFC, 0xC3, 0xE5, 0xF0, 0x38, 0xE8, 0x8D, 0xCC, 0x4F, 0x32, 0xA8, 0xC1, 0xFE, 0x10, 0x60,
    0x0D, 0x8F, 0xE0, 0x9F, 0xBE, 0x09, 0x6B, 0x02, 0x4B, 0x83, 0x30, 0x1A, 0x5C, 0xEE, 0xC3, 0x7F,
    0x8C, 0x2F, 0x0A, 0xA4, 0xBD, 0xE3, 0x1D, 0xEF, 0xE0, 0x88, 0xFD, 0x5F, 0x07, 0x14, 0x2E, 0x2E,
    0x63, 0x00, 0xB3, 0x37, 0x3A, 0x1A, 0x5C, 0x1E, 0x68, 0xEF, 0x65, 0x20, 0x43, 0x80, 0xD1, 0xDF,
    0x43, 0x54, 0xEE, 0x1F, 0x98, 0x50, 0x18, 0x19, 0x23, 0x92, 0x26, 0x7B, 0xFE, 0xFE, 0x44, 0xFA,
    0x92, 0xF8, 0x93, 0x70, 0x05, 0xE8, 0xEB, 0x0F, 0x96, 0x37, 0x32, 0xEE, 0x66, 0xFE, 0x04, 0x61,
    0xF7, 0xBC, 0xA3, 0xE5, 0x8D, 0xB7, 0x07, 0x1F, 0xBD, 0x0E, 0xFE, 0x12, 0x13, 0xC6, 0xFF, 0xD7,
    0x3D, 0x90, 0x5B, 0x99, 0x22, 0x30, 0x58, 0xC8, 0xC5, 0xFC, 0x47, 0xE1, 0x22, 0xF0, 0x93, 0xFC,
    0x43, 0xAB, 0xBF, 0x37, 0x9C, 0x04, 0xD3, 0x1D, 0x5C, 0x0E, 0xAD, 0x7C, 0x6E, 0xDB, 0xDA, 0x33,
    0xCD, 0x75, 0xDB, 0x0A, 0x98, 0x0F, 0x18, 0x9E, 0x80, 0x23, 0xE4, 0x50, 0x83, 0x28, 0x0A, 0x97,
    0x69, 0xE0, 0xF9, 0x99, 0x37, 0x86, 0xE7, 0x20, 0xD1, 0x01, 0x62, 0x35, 0x68, 0x25, 0x4B, 0xFC,
    0x45, 0xBA, 0xF4, 0x13, 0x28, 0xE3, 0x1D, 0xF6, 0xBE, 0x6E, 0x5B, 0x56, 0xEB, 0xEB, 0x70, 0x3A,
    0xCB, 0xBC, 0x8C, 0xD6, 0xAC, 0x58, 0x86, 0x3F, 0x4D, 0xFC, 0xCC, 0xEF, 0xD0, 0xBB, 0xB3, 0x46,
    0x84, 0x05, 0x1A, 0x3F, 0x1B, 0xAB, 0xF2, 0x72, 0x78, 0x79, 0x78, 0xE9, 0xBB, 0x57, 0xE5, 0x25,
    0xFD, 0xC7, 0xBA, 0x2A, 0x5D, 0x9F, 0xF2, 0x55, 0x79, 0x79, 0x74, 0x79, 0xAC, 0xC0, 0xE6, 0xAB,
    0xB2, 0xEF, 0xC3, 0x7A, 0x0D, 0x4A, 0x56, 0xE5, 0xE0, 0xA8, 0xE7, 0x58, 0x95, 0xA3, 0xA3, 0xE3,
    0xFD, 0xCA, 0x55, 0xD9, 0x3F, 0xC2, 0xE5, 0xB2, 0x4F, 0x54, 0xD9, 0xFF, 0x72, 0xAB, 0xB2, 0x7F,
    0x8F, 0xAB, 0xB2, 0x7F, 0x5F, 0xAB, 0xB2, 0x7F, 0x2F, 0xAB, 0xB2, 0x6F, 0x5F, 0x95, 0xC1, 0x30,
    0x38, 0x0C, 0x46, 0x5B, 0x2C, 0xBF, 0xBE, 0x41, 0xC3, 0x56, 0x62, 0x1D, 0xC5, 0x93, 0x5B, 0x69,
    0x7F, 0xF3, 0xC7, 0x9F, 0xA6, 0x49, 0xBC, 0x5A, 0x4C, 0x3A, 0x30, 0x8B, 0xD3, 0xE0, 0x44, 0x7C,
    0xF0, 0xCA, 0x56, 0x56, 0x16, 0x2F, 0x77, 0xAC, 0x94, 0xD1, 0x1B, 0x6A, 0x4B, 0x6B, 0x08, 0x4B,
    0x6B, 0xA7, 0x80, 0xA9, 0xF3, 0x00, 0x2B, 0x8C, 0x41, 0xDB, 0xEB, 0x2F, 0x6F, 0x54, 0x38, 0xF0,
    0xA2, 0x0C, 0xCE, 0x71, 0x8F, 0x58, 0xC9, 0x46, 0xE0, 0x6A, 0x61, 0xAB, 0x0B, 0x2F, 0x03, 0x98,
    0xCA, 0xE5, 0x2A, 0x3B, 0x39, 0xE9, 0x5C, 0x07, 0xA3, 0x4F, 0x61, 0xD6, 0x41, 0xE9, 0x03, 0xD7,
    0x72, 0x67, 0x19, 0x8E, 0x3F, 0x01, 0xA5, 0x84, 0x8B, 0x49, 0x38, 0xF6, 0xB3, 0x58, 0x92, 0x1B,
    0x2E, 0xC3, 0x28, 0xC3, 0xE9, 0x5C, 0xC4, 0x8B, 0x40, 0x6E, 0x88, 0xFD, 0x54, 0xE7, 0x60, 0x12,
    0xA6, 0xCB, 0xC8, 0x87, 0xB5, 0x78, 0x19, 0x05, 0x05, 0xDF, 0xC5, 0x87, 0xCE, 0x24, 0x4C, 0x82,
    0x71, 0x16, 0xC6, 0x20, 0x62, 0x8C, 0xE3, 0x68, 0x35, 0x5F, 0x14, 0x9F, 0x41, 0x4E, 0xEA, 0x5C,
    0xFA, 0xF3, 0x30, 0x82, 0x8A, 0xCD, 0x57, 0xC8, 0xE9, 0x9A, 0x3B, 0x5E, 0xC7, 0x5F, 0x2E, 0xA3,
    0xA0, 0x93, 0xDE, 0xA6, 0x59, 0x30, 0xDF, 0xF1, 0x9E, 0x02, 0x9E, 0x3E, 0xBD, 0xF1, 0xC7, 0x1F,
    0xE8, 0xF9, 0x25, 0x54, 0xD9, 0xF1, 0x9A, 0x1F, 0x82, 0x69, 0x1C, 0x78, 0x3F, 0xBE, 0x82, 0xE2,
    0x3F, 0xC4, 0xA3, 0x38, 0x8B, 0x41, 0xE8, 0x00, 0xCC, 0x00, 0x87, 0x4A, 0xC2, 0x82, 0xF3, 0x14,
    0x84, 0x71, 0xC2, 0x19, 0xE8, 0x68, 0x5A, 0xD0, 0x2B, 0x74, 0x26, 0x4E, 0xC4, 0x07, 0xE4, 0x34,
    0xC5, 0x27, 0x9C, 0x9A, 0xCE, 0x2C, 0x40, 0xFC, 0xC1, 0x4E, 0xD2, 0x1D, 0x16, 0xB2, 0x52, 0xB8,
    0x28, 0xDE, 0xF7, 0x7A, 0x57, 0xB3, 0xD3, 0x7B, 0x24, 0x42, 0x59, 0x68, 0xE8, 0xED, 0x6D, 0x47,
    0x84, 0x0A, 0x0C, 0x58, 0x9D, 0x77, 0xA5, 0xC2, 0x7A, 0xF0, 0x6C, 0x58, 0x00, 0x89, 0x33, 0x20,
    0x24, 0x7D, 0x4D, 0xFF, 0xEC, 0xC0, 0x08, 0x60, 0xC1, 0xE3, 0x3F, 0xD2, 0x4F, 0x9D, 0x7E, 0xBB,
    0x28, 0x3A, 0xFB, 0xD0, 0x25, 0x89, 0x0C, 0xCB, 0xE4, 0x53, 0x6F, 0x60, 0x01, 0x32, 0x07, 0x00,
    0x6E, 0x40, 0x1D, 0xC0, 0xF9, 0x09, 0xB1, 0x20, 0xCB, 0x76, 0xF9, 0x3D, 0x88, 0xFC, 0x50, 0x45,
    0xEC, 0x94, 0x33, 0xF6, 0x98, 0x43, 0x58, 0xC6, 0x69, 0xC8, 0x28, 0x39, 0xCD, 0x60, 0xD9, 0xDC,
    0xE6, 0x3D, 0x22, 0x98, 0x45, 0x07, 0x7F, 0xC1, 0xE5, 0x14, 0xDC, 0xD0, 0xF0, 0x4B, 0xA9, 0xB1,
    0xD8, 0x52, 0x55, 0x1C, 0x4E, 0x92, 0x78, 0xD9, 0x11, 0xEB, 0x6F, 0x14, 0xAD, 0x92, 0x56, 0xFF,
    0x40, 0xC1, 0xB3, 0x10, 0xE3, 0xB3, 0x2C, 0x9E, 0x9F, 0xE0, 0x1C, 0x78, 0x69, 0x1C, 0x85, 0x13,
    0x01, 0x98, 0x3E, 0xB7, 0x4D, 0x84, 0x21, 0x14, 0x53, 0xAA, 0xEF, 0xB2, 0x71, 0x76, 0xB8, 0xDE,
    0x52, 0xB5, 0xAA, 0x7D, 0x60, 0x2C, 0x8B, 0x4E, 0x08, 0xAB, 0x11, 0x36, 0x44, 0x26, 0xA0, 0xE4,
    0xDF, 0xFE, 0xB6, 0x02, 0xCC, 0x5C, 0xDE, 0x0A, 0x50, 0x80, 0xA8, 0xA5, 0x0F, 0xBA, 0xCF, 0x28,
    0xC8, 0xAE, 0x83, 0xA0, 0x58, 0xF9, 0x53, 0x7F, 0xC9, 0x3A, 0x63, 0x74, 0x25, 0x8A, 0xA7, 0xF1,
    0x5D, 0x3A, 0xC0, 0x20, 0xEF, 0x3B, 0x20, 0x77, 0x42, 0xE8, 0x58, 0x01, 0x9E, 0x54, 0xB2, 0x13,
    0x6F, 0x7F, 0x5F, 0x92, 0x15, 0xC5, 0xF2, 0x56, 0x5E, 0x9A, 0x73, 0xA7, 0xCB, 0x86, 0xC6, 0xDC,
    0x08, 0x41, 0x94, 0x15, 0x67, 0x4F, 0x45, 0xA1, 0x7B, 0xC0, 0xAC, 0xF6, 0x9D, 0xB4, 0xBC, 0x7C,
    0x9B, 0x85, 0x95, 0x01, 0xFD, 0xB7, 0x89, 0x8D, 0x76, 0x8C, 0xCF, 0xFA, 0x12, 0xDF, 0x47, 0xB6,
    0xCC, 0x97, 0x2F, 0xC8, 0xDD, 0x49, 0x30, 0x57, 0x39, 0xF6, 0x35, 0xC7, 0xD0, 0xA1, 0x44, 0xDC,
    0x51, 0x90, 0x41, 0x67, 0x3A, 0x38, 0xDB, 0x44, 0x68, 0x1D, 0xDC, 0xB4, 0xF2, 0x8A, 0x5A, 0x63,
    0x4B, 0x6B, 0x5B, 0x20, 0x7C, 0x2B, 0x6D, 0x19, 0xFC, 0x99, 0x49, 0x82, 0x6D, 0xC7, 0xF6, 0xF1,
    0xA7, 0x20, 0x7B, 0x9A, 0xC0, 0x8A, 0x4F, 0xBD, 0x37, 0xF1, 0x22, 0x86, 0x8D, 0x61, 0x0E, 0x7F,
    0x88, 0xFA, 0x9C, 0x9D, 0x04, 0x79, 0x63, 0x20, 0x35, 0x48, 0x6D, 0x10, 0x6B, 0x03, 0x75, 0x1A,
    0x56, 0xD5, 0x6A, 0xB9, 0x0C, 0x92, 0xB1, 0x9F, 0x06, 0xC6, 0x28, 0xD2, 0xCC, 0xCF, 0x56, 0xE9,
    0xDD, 0xC9, 0xB4, 0x27, 0x91, 0x58, 0xB1, 0x46, 0x91, 0x39, 0x4A, 0x6B, 0x43, 0xA5, 0x3E, 0xAB,
    0x80, 0xA9, 0x13, 0x9F, 0xCC, 0x11, 0xAA, 0xF4, 0x44, 0x8D, 0x5C, 0x95, 0x3E, 0x29, 0xB3, 0x73,
    0x74, 0xE8, 0x26, 0x85, 0x61, 0xAF, 0xE7, 0x40, 0x52, 0x17, 0x70, 0x03, 0x24, 0xBB, 0x00, 0x11,
    0x20, 0x98, 0xD8, 0x64, 0x36, 0x87, 0x78, 0x6A, 0x74, 0x90, 0x93, 0x43, 0xB9, 0x86, 0x59, 0xB4,
    0xBE, 0x5C, 0x45, 0x69, 0xD0, 0x99, 0xC8, 0xF6, 0x06, 0xBE, 0xDA, 0x95, 0x11, 0x16, 0x9B, 0x79,
    0xE9, 0x6A, 0xE7, 0x42, 0xBE, 0x13, 0x6B, 0xB0, 0x3B, 0x17, 0xD3, 0xBE, 0x80, 0xD5, 0xC6, 0x76,
    0x09, 0xEA, 0x84, 0x37, 0x48, 0xBD, 0x00, 0xA8, 0x08, 0xF6, 0x84, 0x4E, 0xBC, 0xCA, 0x3C, 0x90,
    0xA9, 0xD1, 0x06, 0x14, 0x38, 0x57, 0x2E, 0xAA, 0xAE, 0x6A, 0xBB, 0x8E, 0x95, 0xAB, 0xA0, 0xD6,
    0x36, 0x62, 0x73, 0x20, 0x4C, 0x2F, 0x68, 0xDB, 0x3A, 0x2B, 0x89, 0x79, 0xA5, 0x7D, 0x92, 0x54,
    0x0B, 0xA3, 0x4B, 0xFF, 0xFA, 0x53, 0x70, 0x7B, 0x99, 0xF8, 0xF3, 0x20, 0xE5, 0x63, 0xFF, 0x2C,
    0xBE, 0x78, 0x1E, 0xC8, 0x00, 0xE2, 0x27, 0x49, 0x05, 0x9F, 0x0B, 0x21, 0x24, 0xC6, 0x15, 0x99,
    0xC1, 0xFA, 0xE9, 0x9F, 0x16, 0x2F, 0xA5, 0x95, 0x48, 0xB6, 0xB2, 0x96, 0x44, 0x13, 0xEB, 0x02,
    0xEC, 0xD0, 0x01, 0xAA, 0xD7, 0x3D, 0x2C, 0x03, 0xD6, 0xEB, 0x1E, 0x2B, 0xE0, 0x5C, 0xC3, 0x48,
    0x61, 0x0D, 0x05, 0x3F, 0xCA, 0x1C, 0x2B, 0x89, 0xE7, 0xF6, 0x06, 0xED, 0xCD, 0xD1, 0xCF, 0x08,
    0x24, 0xF0, 0xBF, 0xB6, 0x10, 0x89, 0xD6, 0x31, 0x64, 0xF1, 0x26, 0xD8, 0x90, 0x20, 0xF6, 0x6A,
    0x8D, 0x01, 0xA7, 0xAA, 0xE6, 0x4C, 0x18, 0xBB, 0x48, 0xAF, 0x74, 0x17, 0x29, 0x9B, 0x09, 0x1D,
    0xD4, 0xBE, 0x03, 0xD4, 0x0E, 0x7D, 0x3D, 0xA8, 0xD1, 0x90, 0x2E, 0xAD, 0xBD, 0x01, 0x76, 0x9F,
    0xCB, 0x6A, 0x28, 0xF5, 0x49, 0x92, 0x9A, 0xE0, 0xA6, 0xA4, 0x6B, 0xF6, 0x14, 0x8D, 0x04, 0x10,
    0x0B, 0x0D, 0xFA, 0xAB, 0x2C, 0x76, 0x2A, 0x2A, 0x49, 0x7C, 0x6D, 0xF2, 0x33, 0xF6, 0xB1, 0x43,
    0xF6, 0x58, 0xC7, 0x0E, 0x76, 0xE8, 0xE4, 0x90, 0x07, 0xD2, 0x66, 0x59, 0xB9, 0xB3, 0x55, 0xED,
    0x44, 0xD6, 0xAD, 0x6C, 0x28, 0x35, 0xCD, 0x45, 0x5D, 0x21, 0x1F, 0x0E, 0x64, 0xEE, 0x76, 0xF7,
    0xCD, 0xCA, 0x81, 0x13, 0xC3, 0xF0, 0x9C, 0x8B, 0x2A, 0xCD, 0xA6, 0x3E, 0x01, 0x26, 0x03, 0x76,
    0xF0, 0x5F, 0x87, 0x7E, 0xA2, 0xC8, 0xB9, 0x8A, 0x42, 0x62, 0xB2, 0xC9, 0x69, 0x12, 0x4E, 0x2C,
    0x7B, 0x35, 0xBE, 0x2E, 0x86, 0x08, 0x0F, 0x30, 0x15, 0xF3, 0x25, 0xAE, 0xAB, 0x0E, 0xD3, 0x53,
    0x01, 0x11, 0x49, 0xB0, 0x0C, 0xFC, 0xAC, 0x85, 0xB4, 0x82, 0xE2, 0x78, 0xB4, 0x83, 0x1A, 0xE0,
    0xDC, 0xBF, 0x69, 0xED, 0xF5, 0x48, 0x91, 0xE9, 0x5F, 0x26, 0x92, 0x61, 0x8F, 0xF0, 0xA4, 0xE0,
    0x5A, 0x9B, 0x07, 0x87, 0xD6, 0xF1, 0xCC, 0x4F, 0x26, 0x69, 0x4E, 0xC8, 0x5D, 0xB4, 0x95, 0x49,
    0x5A, 0x0B, 0xD4, 0xE7, 0x3B, 0x97, 0xA4, 0x01, 0xE5, 0x8A, 0x48, 0x12, 0x40, 0x8F, 0xC3, 0xAB,
    0xA0, 0x5C, 0xCD, 0x40, 0x90, 0x65, 0x42, 0x82, 0x5D, 0x6D, 0xA8, 0x25, 0xC9, 0xE6, 0x2B, 0x4D,
    0x19, 0xB8, 0xBC, 0xF8, 0xF9, 0x56, 0x46, 0x4F, 0x12, 0x8D, 0xE3, 0x94, 0xF1, 0x41, 0xE4, 0xA4,
    0x8E, 0x9B, 0x39, 0xDB, 0x2D, 0x77, 0x24, 0x10, 0xEA, 0xDB, 0x42, 0x1A, 0x28, 0xDE, 0xE7, 0x50,
    0xD1, 0xC2, 0x78, 0x49, 0xF6, 0xAA, 0x59, 0x38, 0x99, 0xE4, 0x1A, 0x87, 0x8C, 0xED, 0x27, 0x11,
    0xB2, 0x43, 0xD4, 0xB0, 0x00, 0xF4, 0xC2, 0x9B, 0x07, 0x0B, 0x10, 0xE5, 0x80, 0x03, 0x8B, 0xAA,
    0x9E, 0x3F, 0x82, 0x9F, 0xDE, 0x02, 0x09, 0x13, 0x5A, 0x83, 0xB1, 0x79, 0x63, 0x73, 0x82, 0xBA,
    0x02, 0x40, 0x27, 0x5E, 0x06, 0x12, 0xE3, 0x29, 0x3A, 0x70, 0x15, 0xA6, 0xE1, 0x28, 0x0A, 0x4C,
    0xA5, 0x70, 0xD0, 0xEB, 0xD9, 0x0E, 0x56, 0x3E, 0xCC, 0xFD, 0x28, 0x82, 0xA5, 0x8E, 0xD6, 0x1A,
    0xAF, 0x30, 0xC7, 0xB4, 0x26, 0x31, 0xB0, 0xF0, 0x05, 0x6C, 0xEB, 0xFE, 0xE5, 0x25, 0x2C, 0x37,
    0x0F, 0x88, 0x17, 0xC4, 0x88, 0x76, 0xD1, 0x1D, 0x56, 0xC5, 0x66, 0xC1, 0x29, 0xC8, 0xC4, 0x1F,
    0xC1, 0x44, 0xAF, 0x24, 0xA1, 0x83, 0x34, 0x56, 0xC5, 0x48, 0x9E, 0xF0, 0x85, 0x28, 0xBF, 0xE3,
    0x84, 0x77, 0x64, 0x91, 0x98, 0x8E, 0x94, 0xD9, 0x76, 0x4A, 0x43, 0x26, 0x39, 0x5A, 0x14, 0x26,
    0x75, 0xA3, 0x38, 0xAA, 0xD8, 0x09, 0x2C, 0x3B, 0xEE, 0x32, 0x0E, 0x91, 0x63, 0x75, 0x82, 0x2B,
    0xE0, 0x00, 0xA9, 0x69, 0xB2, 0xB2, 0xE2, 0xA9, 0x7B, 0x19, 0xF9, 0xE9, 0xAC, 0xC0, 0x96, 0x24,
    0x0B, 0xB1, 0xA2, 0x2F, 0xE9, 0x3B, 0x70, 0x75, 0x2E, 0xC0, 0xA1, 0xF4, 0x06, 0x54, 0x7A, 0x8D,
    0xD4, 0x50, 0x22, 0xF9, 0xC8, 0x95, 0x3F, 0x17, 0x7B, 0xEE, 0x43, 0x0B, 0x3C, 0xE5, 0xA0, 0xBA,
    0xFB, 0x56, 0x60, 0x4E, 0x49, 0xAC, 0xB7, 0xB5, 0xF0, 0x44, 0xCB, 0x43, 0x1C, 0x4A, 0x96, 0x6F,
    0x06, 0x55, 0xF4, 0x29, 0xEB, 0x97, 0x97, 0x99, 0xFC, 0xCC, 0x89, 0xB5, 0x77, 0xD7, 0x7D, 0x44,
    0xDA, 0x38, 0xAA, 0x0F, 0x59, 0x4A, 0x49, 0x50, 0xE6, 0x67, 0xFC, 0x33, 0x90, 0xCE, 0x5E, 0x7A,
    0x6A, 0x43, 0x4F, 0xA9, 0x10, 0x71, 0xF4, 0xEB, 0x09, 0x11, 0xBD, 0x23, 0xB7, 0x10, 0xD1, 0xB7,
    0x6F, 0x5E, 0x1F, 0x40, 0xCD, 0xA3, 0x1D, 0xAC, 0x60, 0x48, 0xA8, 0xF9, 0x75, 0xAE, 0xFC, 0x68,
    0x65, 0x1F, 0xE1, 0xA0, 0xAE, 0x51, 0x61, 0x63, 0x05, 0x7F, 0x13, 0x33, 0x8D, 0x30, 0x84, 0x4B,
    0x26, 0xCB, 0x71, 0x14, 0x02, 0xD1, 0x21, 0xDE, 0x8C, 0x52, 0x84, 0x4C, 0x94, 0x00, 0x84, 0x1E,
    0x2A, 0x91, 0x85, 0xCD, 0xFA, 0x69, 0x01, 0xA5, 0x19, 0x95, 0xFB, 0x56, 0x85, 0xB9, 0xB3, 0x02,
    0xD5, 0xD0, 0x41, 0x17, 0xC7, 0x1B, 0x59, 0x47, 0xF8, 0xEC, 0xB1, 0x85, 0x73, 0xA0, 0x2B, 0xF5,
    0x55, 0x8A, 0x3B, 0x10, 0x4E, 0xB0, 0xB0, 0x49, 0x4D, 0xE1, 0x82, 0xC6, 0xB1, 0x99, 0xEC, 0xB8,
    0x6F, 0x8A, 0x44, 0x6C, 0xFF, 0xB1, 0x1A, 0x40, 0xD0, 0x70, 0xA5, 0xEA, 0xE3, 0xEA, 0xF6, 0x72,
    0xE0, 0xB2, 0x50, 0x94, 0x18, 0x28, 0x0E, 0x4A, 0xC7, 0x09, 0x5B, 0x83, 0xCC, 0xA8, 0x24, 0xCC,
    0x9A, 0x8A, 0x7F, 0x5D, 0x5B, 0x8C, 0xB5, 0x1D, 0x92, 0x38, 0xEC, 0x2D, 0xE9, 0x9A, 0x79, 0x6D,
    0x0B, 0x89, 0xBE, 0x18, 0x57, 0xE9, 0xEE, 0xCB, 0x20, 0x98, 0x60, 0x7D, 0xCB, 0xBA, 0x5C, 0xA5,
    0x1D, 0x55, 0xBE, 0xDC, 0x56, 0x1D, 0x38, 0xB0, 0x8B, 0xB2, 0xF1, 0x02, 0x18, 0x79, 0xE0, 0xBD,
    0x8E, 0xA7, 0x5A, 0xE3, 0x63, 0xF6, 0xA5, 0x63, 0x31, 0xCC, 0x97, 0x9F, 0xD3, 0x6C, 0x29, 0xAD,
    0x2A, 0x14, 0x54, 0x25, 0x16, 0xE6, 0xBD, 0xD3, 0x2D, 0xFE, 0x0F, 0x66, 0x01, 0xD7, 0xCC, 0x7D,
    0xE5, 0xC6, 0x66, 0xC7, 0x41, 0xC1, 0x26, 0x87, 0x00, 0xAE, 0xA1, 0x12, 0x83, 0xB8, 0x5F, 0x4B,
    0x66, 0xC9, 0x9A, 0xAC, 0xE0, 0x5A, 0x66, 0x27, 0x6D, 0x06, 0xBC, 0x4A, 0x69, 0xF4, 0x4E, 0xE6,
    0x3B, 0xB7, 0x34, 0x5A, 0x6E, 0x8C, 0xCB, 0xE9, 0x3B, 0x42, 0x39, 0x63, 0x94, 0x2D, 0xEC, 0xF4,
    0x6D, 0xDD, 0x37, 0xB6, 0xA3, 0x70, 0x99, 0x0F, 0x56, 0x6E, 0x07, 0x6E, 0xEE, 0xEA, 0x36, 0x60,
    0x8C, 0x57, 0x49, 0x8A, 0x50, 0xB9, 0x74, 0x6D, 0x15, 0x75, 0x50, 0x67, 0x41, 0x35, 0xAC, 0x1A,
    0x1F, 0x27, 0xE4, 0xFE, 0x21, 0xBB, 0xA5, 0xC9, 0x76, 0x5D, 0x87, 0x6E, 0x50, 0xF6, 0xD5, 0x6C,
    0x2B, 0x8A, 0xA7, 0xA9, 0x7C, 0xDE, 0x77, 0x93, 0xEF, 0xB7, 0x83, 0x7D, 0x1B, 0x3B, 0xE8, 0x00,
    0xA1, 0x2B, 0x76, 0xA0, 0x74, 0x9C, 0xC4, 0x51, 0x34, 0x82, 0x0E, 0x73, 0x5A, 0xCB, 0x66, 0xE1,
    0xC2, 0xF2, 0x55, 0xE9, 0x16, 0x9F, 0x26, 0xCB, 0xD4, 0xDA, 0x7B, 0x58, 0x1C, 0xC2, 0xE7, 0x00,
    0x0D, 0x1A, 0x3F, 0xB0, 0x9F, 0x8D, 0x96, 0xC1, 0xE8, 0x64, 0xB3, 0xD5, 0x7C, 0x54, 0xCA, 0x55,
    0xCB, 0xE9, 0x69, 0xAF, 0xBC, 0xCD, 0x0E, 0x8C, 0x2B, 0xB9, 0xDD, 0x88, 0x55, 0x90, 0x59, 0x0D,
    0x76, 0x9D, 0x24, 0xAB, 0x73, 0xF0, 0x71, 0x64, 0x30, 0x42, 0x17, 0x83, 0xA3, 0xFD, 0x10, 0x3D,
    0x63, 0xD0, 0x31, 0xE6, 0xF0, 0x10, 0xB7, 0xC3, 0xE1, 0x1D, 0xCE, 0x85, 0x4A, 0x18, 0x96, 0xA4,
    0x13, 0x0A, 0x4B, 0x70, 0x6E, 0x74, 0x40, 0x7D, 0xB0, 0x1A, 0x61, 0x06, 0xD9, 0xEB, 0xFB, 0xBA,
    0x79, 0xF2, 0x5F, 0x03, 0x28, 0x28, 0x97, 0x59, 0x67, 0x3C, 0x0B, 0xA3, 0x89, 0xB1, 0xA0, 0x04,
    0xBA, 0xAC, 0x3A, 0xB0, 0x80, 0x94, 0x85, 0xA0, 0xA9, 0x66, 0xFE, 0xDC, 0x25, 0xF7, 0x58, 0xCF,
    0xDB, 0x68, 0x36, 0x67, 0x49, 0xB8, 0xF8, 0x24, 0x2B, 0x3E, 0x2E, 0xFE, 0x61, 0xE9, 0x3E, 0xA8,
    0xE7, 0x91, 0xC5, 0x46, 0x8B, 0x26, 0xDA, 0x03, 0xB7, 0xBC, 0xB7, 0xEF, 0x62, 0x56, 0x07, 0xC3,
    0x5A, 0x9A, 0x52, 0xB5, 0x22, 0x64, 0x1D, 0x99, 0xA3, 0xFF, 0xDD, 0x49, 0x30, 0x5A, 0x4D, 0x4B,
    0xE6, 0xB3, 0xDF, 0x03, 0x82, 0xEC, 0x0F, 0xD0, 0x85, 0x67, 0x8F, 0xB9, 0x2E, 0xB6, 0xB7, 0xDF,
    0xFF, 0x58, 0x93, 0xE8, 0x86, 0x55, 0xD2, 0x62, 0x99, 0x57, 0x96, 0xD2, 0x22, 0xC2, 0xA9, 0x6A,
    0x8B, 0x3B, 0xA1, 0x95, 0x1D, 0xD5, 0x95, 0xF8, 0xA4, 0x29, 0xCD, 0x71, 0x50, 0x55, 0x2D, 0x06,
    0x49, 0x12, 0x27, 0x1B, 0x1C, 0x0D, 0xBA, 0x9A, 0x53, 0x25, 0x68, 0xB3, 0x35, 0xA0, 0xF8, 0xD4,
    0x9F, 0x06, 0x25, 0x14, 0x5F, 0x00, 0xBE, 0x06, 0x12, 0xEC, 0x8C, 0x92, 0xC0, 0x07, 0x82, 0xA0,
    0x3F, 0x1D, 0x7C, 0xE3, 0xB0, 0x62, 0x3B, 0x9B, 0xD2, 0x69, 0x65, 0xE3, 0xE9, 0x17, 0x70, 0x54,
    0x02, 0x70, 0xF6, 0xDB, 0x0D, 0xC0, 0x98, 0xD5, 0xCD, 0x26, 0x4A, 0x80, 0xD1, 0xA6, 0x6A, 0x23,
    0xF4, 0x07, 0xF3, 0x65, 0x76, 0xEB, 0x38, 0xA1, 0x51, 0xD7, 0x2A, 0xED, 0x21, 0x86, 0xA0, 0x59,
    0xCF, 0x1F, 0xC0, 0x62, 0x44, 0x31, 0xBB, 0x42, 0xBE, 0x70, 0x36, 0x4D, 0xC4, 0xBE, 0xA7, 0xD1,
    0x9E, 0x75, 0x64, 0x3D, 0xAB, 0x1F, 0x38, 0xF6, 0x2C, 0xA6, 0xDE, 0x56, 0xC9, 0x73, 0xB5, 0x04,
    0x7D, 0x47, 0xF7, 0x25, 0x23, 0x81, 0x76, 0xA4, 0x52, 0xA2, 0x5A, 0xF0, 0x4F, 0xDC, 0x2A, 0x30,
    0x38, 0xAA, 0xD0, 0x3A, 0xEE, 0xAC, 0x84, 0x1D, 0x95, 0x89, 0xA8, 0xF7, 0xB5, 0x63, 0x2B, 0xF6,
    0xB2, 0xFC, 0x90, 0x3F, 0x17, 0xE9, 0x1D, 0xF8, 0x3B, 0xB9, 0x8C, 0xC7, 0xB2, 0x0F, 0x07, 0x6C,
    0xE6, 0x68, 0xD9, 0x30, 0xCE, 0xC1, 0x6B, 0x08, 0xA9, 0xBA, 0xCA, 0xD0, 0x43, 0x51, 0xAA, 0x96,
    0xEF, 0x8D, 0x4A, 0x90, 0xCB, 0x24, 0xB8, 0x0C, 0x6F, 0x6A, 0x99, 0xEF, 0xD9, 0x04, 0x2A, 0xB6,
    0x7A, 0x22, 0x39, 0x59, 0x93, 0xB1, 0x1F, 0x19, 0x77, 0x86, 0x85, 0xA7, 0x78, 0xB9, 0x7C, 0xBD,
    0xED, 0xBC, 0x94, 0xD9, 0x5C, 0xC4, 0x80, 0xD3, 0x60, 0x31, 0x51, 0x95, 0xA4, 0x9A, 0xFE, 0x2F,
    0xF5, 0xBC, 0xAF, 0xEC, 0xB3, 0x58, 0x49, 0x95, 0x32, 0xC5, 0x6F, 0x63, 0x92, 0x75, 0xE8, 0x4B,
    0x5B, 0x2A, 0xD5, 0x32, 0x0A, 0x36, 0x52, 0xB9, 0x04, 0x72, 0x4D, 0x8D, 0x4B, 0xA6, 0x53, 0x52,
    0x04, 0x07, 0x1B, 0x12, 0x6A, 0x0E, 0x1A, 0xC6, 0x84, 0xF1, 0x3F, 0x92, 0xF8, 0x29, 0x79, 0x5E,
    0x0C, 0x0D, 0x94, 0x2C, 0x62, 0x64, 0xEB, 0x00, 0x3A, 0x98, 0x38, 0x1C, 0x85, 0xEC, 0xAE, 0x79,
    0xC3, 0x03, 0x8B, 0xB2, 0x3F, 0x2C, 0x11, 0x16, 0xBF, 0x94, 0xBB, 0x9D, 0xE2, 0x24, 0xA7, 0xCA,
    0xA1, 0xE5, 0xC2, 0xA4, 0x34, 0xDA, 0x2E, 0xB7, 0x28, 0x94, 0xC8, 0x3E, 0x25, 0xA1, 0x04, 0x15,
    0x76, 0x4A, 0xB7, 0x23, 0x47, 0xB9, 0x1D, 0x43, 0xEE, 0xDF, 0xC3, 0xC9, 0x82, 0xA5, 0x1D, 0x94,
    0xE3, 0x20, 0xCA, 0x3B, 0xC8, 0x64, 0x8E, 0x7B, 0x97, 0x1D, 0x4B, 0x7B, 0x57, 0xE6, 0xFF, 0xA4,
    0x74, 0xEE, 0x21, 0xA4, 0xF6, 0xD2, 0x9E, 0xE5, 0xD1, 0x1A, 0xE5, 0xFD, 0xE2, 0x2B, 0xBD, 0xBE,
    0x4A, 0xEA, 0xEC, 0x59, 0xE5, 0x4E, 0x58, 0xE1, 0x3E, 0x64, 0xF4, 0xCF, 0xF0, 0x40, 0xD6, 0x65,
    0x1B, 0x8B, 0x37, 0x84, 0x01, 0x24, 0xF2, 0x47, 0xB2, 0x9A, 0x59, 0xDB, 0x89, 0xB1, 0xF4, 0x74,
    0xAD, 0xED, 0xF4, 0xAD, 0xB1, 0xB9, 0xC5, 0xB0, 0x8E, 0x18, 0x0A, 0x87, 0x7B, 0x4F, 0xA9, 0xAB,
    0x19, 0xA0, 0x89, 0x7D, 0xE6, 0x27, 0xFA, 0x89, 0x1B, 0xC6, 0xA6, 0x66, 0x35, 0x8D, 0xD7, 0x35,
    0x0D, 0xD4, 0x65, 0xCC, 0xB1, 0xC6, 0xC9, 0x20, 0xEF, 0x92, 0xFB, 0x14, 0xB0, 0x6C, 0x53, 0x3D,
    0xDA, 0x48, 0x7B, 0xDF, 0xFA, 0x18, 0x73, 0x43, 0xC9, 0xA2, 0xD6, 0x41, 0xE1, 0xBD, 0x1D, 0x27,
    0xEA, 0x98, 0x2C, 0x39, 0x18, 0x3C, 0xDC, 0xFE, 0x60, 0x70, 0xE0, 0x3A, 0x18, 0x94, 0x17, 0x43,
    0xFD, 0xE9, 0xBE, 0x4E, 0x7C, 0x9C, 0x1E, 0x9B, 0x08, 0xAB, 0x39, 0x2A, 0xE9, 0x35, 0x2D, 0xCA,
    0x58, 0x6E, 0xBB, 0xED, 0x29, 0xE6, 0x42, 0xB7, 0xEB, 0x93, 0x32, 0xB2, 0xBD, 0x03, 0xB7, 0x1F,
    0xD6, 0xA0, 0xE7, 0x1C, 0x41, 0x7A, 0x35, 0xB5, 0x78, 0x0C, 0x4B, 0x52, 0xB5, 0x14, 0xFE, 0xF3,
    0xB5, 0x03, 0xC6, 0x6D, 0xC7, 0xBF, 0x09, 0xD3, 0x0D, 0xE4, 0xF8, 0x9E, 0xCB, 0xED, 0xC1, 0xEA,
    0xC0, 0xC7, 0x7B, 0xA5, 0xE8, 0xCD, 0x5B, 0xC5, 0x5F, 0xD5, 0xE4, 0x04, 0xAA, 0xCD, 0xCD, 0x58,
    0xB4, 0x9B, 0xE8, 0x07, 0xF5, 0x9C, 0x16, 0xB8, 0xFE, 0x4F, 0x3E, 0x1E, 0x86, 0xEA, 0xCA, 0x3D,
    0x3F, 0xF6, 0x9D, 0x33, 0x78, 0xB3, 0x29, 0xF6, 0x15, 0x4A, 0x31, 0x1C, 0x4B, 0xC4, 0x14, 0x58,
    0x5C, 0x4D, 0x0E, 0x2A, 0x27, 0xE0, 0x37, 0x87, 0x61, 0x1D, 0x59, 0x4B, 0x3F, 0x9B, 0x29, 0x11,
    0x7F, 0x91, 0xA6, 0x3A, 0xA5, 0x59, 0x12, 0x7F, 0x0A, 0x9C, 0x1B, 0x3E, 0xFB, 0x2C, 0xB6, 0xE4,
    0xBE, 0xFE, 0x1E, 0x35, 0xEA, 0x31, 0xEA, 0x32, 0xC4, 0x11, 0x6D, 0x5F, 0xFF, 0x16, 0x87, 0x0B,
    0xFD, 0xB3, 0x08, 0x7C, 0xA2, 0x28, 0x28, 0x26, 0x4E, 0xB4, 0x4A, 0x1C, 0xC3, 0x5C, 0x63, 0x03,
    0x6E, 0xEA, 0xEB, 0x63, 0x5B, 0x25, 0x51, 0xEB, 0x0F, 0xF4, 0xF9, 0x3B, 0xCE, 0xE8, 0x9D, 0x98,
    0x41, 0x25, 0x4E, 0xAF, 0xEE, 0xD2, 0x93, 0x1D, 0x1D, 0x3E, 0xD8, 0xAC, 0xC3, 0xCA, 0x41, 0xD0,
    0x43, 0x34, 0x08, 0xE4, 0x0D, 0xD2, 0xD4, 0x9E, 0xA3, 0x79, 0xD5, 0x4F, 0x56, 0x9D, 0x78, 0xDD,
    0xCE, 0xA3, 0xCE, 0xBB, 0xAC, 0xF1, 0xF1, 0x2F, 0x13, 0x1F, 0xBA, 0x95, 0x24, 0xB8, 0x22, 0xF6,
    0xBD, 0x7D, 0x47, 0x8B, 0x11, 0x70, 0xEF, 0x3B, 0x9F, 0x3D, 0x1F, 0xD5, 0x3B, 0xCB, 0x7C, 0x10,
    0x9F, 0x6B, 0x9B, 0x8D, 0x91, 0x46, 0x96, 0xDD, 0x2E, 0x61, 0x99, 0xFB, 0x13, 0x59, 0xFA, 0x2B,
    0x2C, 0x9E, 0x30, 0x4B, 0x0F, 0x6E, 0x7A, 0x3B, 0xA8, 0x77, 0x6A, 0x72, 0x67, 0xBC, 0x18, 0x73,
    0x1A, 0x4C, 0xED, 0x9E, 0x43, 0xE6, 0xCE, 0x84, 0xD2, 0xC2, 0x89, 0x87, 0xFF, 0x6A, 0xC7, 0x83,
    0x03, 0xF7, 0xD6, 0x5D, 0x67, 0xB6, 0xED, 0x5D, 0x22, 0x1A, 0xBA, 0x33, 0xB5, 0x6D, 0x70, 0xE8,
    0xEE, 0xE8, 0xC6, 0x56, 0x2E, 0x0D, 0x2E, 0x7F, 0x05, 0x59, 0x31, 0x78, 0xBA, 0x02, 0x14, 0x2D,
    0x24, 0x3F, 0x65, 0xC5, 0xBE, 0xB6, 0xB5, 0x07, 0x57, 0x95, 0x25, 0xC4, 0x3C, 0xD1, 0xB5, 0x89,
    0x4D, 0x85, 0x79, 0x0F, 0xED, 0x4E, 0x03, 0xD3, 0xBD, 0xAB, 0xDC, 0x64, 0xB7, 0x5D, 0x58, 0x5A,
    0x1D, 0xE3, 0x9C, 0xCB, 0x0F, 0xBD, 0x3F, 0x4C, 0x0D, 0x1F, 0xF4, 0x1D, 0xCE, 0x78, 0x65, 0xF3,
    0x1B, 0x5F, 0x21, 0x93, 0x60, 0x1C, 0x27, 0x66, 0x24, 0x55, 0x41, 0x03, 0x76, 0xA3, 0x99, 0xE8,
    0xD5, 0x84, 0xE5, 0xD0, 0xB1, 0xD6, 0xF2, 0xC7, 0x28, 0xE5, 0x9E, 0x04, 0x0B, 0xAD, 0xAE, 0xCD,
    0x2D, 0xF7, 0xB0, 0x6D, 0x03, 0x91, 0xA7, 0xCA, 0x30, 0x60, 0x6C, 0xA2, 0x00, 0x39, 0x4D, 0xA5,
    0x16, 0xBB, 0x22, 0x6E, 0x44, 0x9D, 0xBA, 0x11, 0xA8, 0x72, 0x0F, 0x59, 0x8E, 0x10, 0xB3, 0x9F,
    0x4A, 0x13, 0x28, 0x08, 0x50, 0x7C, 0x6B, 0x45, 0x13, 0xC5, 0x46, 0x39, 0x22, 0xB9, 0x6E, 0x01,
    0x0A, 0x79, 0xAB, 0x6F, 0xF3, 0xD1, 0xC3, 0x2E, 0x88, 0x24, 0x1F, 0x35, 0x90, 0x64, 0x98, 0xDB,
    0xEE, 0x80, 0x9B, 0x72, 0x73, 0x9C, 0xDC, 0xB1, 0xAD, 0x71, 0x63, 0x6B, 0x62, 0x33, 0xDC, 0x88,
    0xAC, 0x25, 0x35, 0x70, 0x63, 0x58, 0xFA, 0xEE, 0x80, 0x9B, 0x72, 0x4B, 0xA0, 0xDC, 0xB1, 0xAD,
    0x71, 0x63, 0x6B, 0x62, 0x33, 0xDC, 0xF0, 0x2C, 0x2C, 0x35, 0x50, 0xA3, 0x5B, 0x19, 0x39, 0x66,
    0xAE, 0x67, 0xEE, 0x70, 0x50, 0x1B, 0x56, 0x4A, 0x2D, 0x90, 0x52, 0x8F, 0xB6, 0xC6, 0x89, 0xA5,
    0x81, 0xCD, 0x50, 0x42, 0xF9, 0x64, 0x6A, 0x20, 0x44, 0x35, 0x6D, 0x6E, 0x89, 0x8E, 0x12, 0xB3,
    0x67, 0xDE, 0x97, 0xAD, 0x51, 0x61, 0x00, 0xDF, 0x90, 0xA7, 0xE4, 0x29, 0x93, 0x6A, 0x60, 0xC3,
    0xEE, 0xE6, 0x59, 0x62, 0x8A, 0xAC, 0x27, 0x1A, 0xBA, 0x7A, 0xA4, 0xE0, 0xA4, 0x56, 0xFF, 0x4A,
    0xC0, 0x8A, 0xE3, 0xD3, 0x52, 0x30, 0x36, 0xE7, 0xC7, 0x2A, 0x83, 0xB2, 0x7D, 0x84, 0x4E, 0x57,
    0x40, 0xB9, 0x2F, 0xAE, 0x49, 0xAF, 0x32, 0x77, 0xDB, 0xAC, 0xAE, 0xAF, 0xE8, 0xCC, 0x3D, 0x17,
    0xAD, 0xD8, 0x81, 0x2D, 0x42, 0x59, 0xD6, 0x30, 0x76, 0xD5, 0x74, 0x2C, 0x28, 0x46, 0x51, 0xFB,
    0x84, 0x7F, 0xBF, 0xFA, 0xAC, 0xF4, 0xBE, 0x7D, 0xA9, 0x1F, 0xEE, 0x1C, 0x5F, 0x95, 0xE4, 0x64,
    0xC1, 0xCC, 0x88, 0xFA, 0x33, 0x44, 0x33, 0x3B, 0x0A, 0x1F, 0xF4, 0x90, 0xBF, 0xAE, 0x78, 0xC3,
    0x68, 0xC5, 0x71, 0xD8, 0xBD, 0x7F, 0x97, 0xC3, 0xEE, 0x92, 0x9D, 0x75, 0x43, 0x91, 0x7A, 0x63,
    0xE9, 0xB8, 0xEE, 0x0C, 0xD4, 0x3C, 0x87, 0xDE, 0x48, 0x5E, 0x2C, 0x00, 0x33, 0xD1, 0xB8, 0x5C,
    0x24, 0x1E, 0xDA, 0x96, 0xF3, 0x73, 0x0C, 0xB2, 0x7C, 0x4F, 0xA9, 0xAF, 0x8A, 0x45, 0x5D, 0xE4,
    0xC9, 0x2A, 0x37, 0x01, 0xFF, 0x93, 0x58, 0x7E, 0x75, 0x28, 0x62, 0x8B, 0x65, 0x29, 0xE5, 0x22,
    0xFB, 0x2D, 0xAC, 0xCD, 0x3B, 0xA6, 0x46, 0x0B, 0x17, 0x40, 0xD8, 0x99, 0x1C, 0xA8, 0x69, 0x47,
    0x9B, 0x92, 0x40, 0x35, 0x9E, 0x4E, 0xA3, 0x22, 0x1B, 0x63, 0x37, 0xA3, 0xE7, 0xFA, 0xDE, 0x68,
    0x77, 0x0E, 0x3E, 0x29, 0x46, 0xCF, 0x9A, 0xAE, 0xB5, 0x81, 0x09, 0xBF, 0x74, 0x5B, 0xF2, 0x94,
    0xBD, 0x8A, 0xE8, 0x95, 0x0A, 0xEA, 0x3E, 0xDC, 0x90, 0x0F, 0x15, 0x2D, 0xD8, 0x03, 0x2C, 0xD9,
    0xA8, 0xBA, 0xF1, 0xA2, 0x4C, 0x96, 0xA9, 0x3E, 0xBA, 0xAE, 0x4B, 0x42, 0x7C, 0xFE, 0x3E, 0x2D,
    0xE2, 0x51, 0xFD, 0xC8, 0x6B, 0x19, 0x63, 0xEC, 0x14, 0x62, 0xDF, 0x34, 0xA0, 0x0C, 0x6C, 0xCE,
    0x2F, 0x03, 0x17, 0xBB, 0xD1, 0xC5, 0xE6, 0x9A, 0x11, 0x2E, 0x03, 0x66, 0x8C, 0x34, 0x52, 0x31,
    0xEE, 0xD9, 0x43, 0xF5, 0x29, 0x5C, 0x08, 0xD1, 0x0E, 0x53, 0x35, 0x0A, 0xC7, 0x40, 0x5A, 0xBF,
    0x84, 0x41, 0x02, 0x7C, 0x76, 0x9F, 0xD7, 0x43, 0x39, 0xAA, 0x5D, 0x32, 0x27, 0x76, 0x7C, 0xF1,
    0x93, 0x98, 0x9E, 0x3D, 0xC4, 0x14, 0x3D, 0xEF, 0x25, 0x3E, 0x4D, 0x9E, 0xF8, 0xC9, 0xAF, 0x77,
    0xDC, 0x6D, 0x0B, 0xCE, 0xE0, 0x7D, 0x72, 0x9F, 0x77, 0xF7, 0xCB, 0xC2, 0x13, 0xEF, 0x14, 0xF5,
    0x5A, 0x2F, 0x46, 0x86, 0x77, 0x10, 0xE6, 0x72, 0xFC, 0xA9, 0xD6, 0x8A, 0xCF, 0x8F, 0xB9, 0xF6,
    0x1F, 0x7A, 0x7F, 0xAB, 0xC3, 0x00, 0x2A, 0x23, 0xF8, 0xF8, 0xF8, 0xF0, 0xD8, 0xC4, 0x3C, 0x42,
    0x56, 0xB6, 0xEF, 0x3B, 0x24, 0x73, 0x3B, 0x74, 0xA4, 0xB8, 0xD0, 0x52, 0x24, 0xD9, 0x6D, 0x51,
    0xF2, 0x32, 0xA2, 0x15, 0x4E, 0x72, 0x94, 0x73, 0xA2, 0xD4, 0x68, 0x9E, 0x2A, 0x86, 0xB2, 0xA9,
    0xE3, 0xA7, 0x60, 0x31, 0xB6, 0xD4, 0x77, 0x83, 0xFD, 0x0D, 0x58, 0x0C, 0x3B, 0xCE, 0x28, 0xD1,
    0xCD, 0x36, 0xE4, 0x45, 0x84, 0x46, 0x93, 0x19, 0xED, 0xD4, 0xDA, 0xD8, 0xAD, 0xBC, 0xCA, 0x8D,
    0x63, 0xF2, 0x14, 0x4A, 0xEF, 0x89, 0x83, 0x38, 0x03, 0x9B, 0xB7, 0x8F, 0x87, 0xDC, 0x98, 0x19,
    0xC8, 0x5C, 0xF3, 0x3B, 0x7F, 0x35, 0x95, 0xC4, 0x8C, 0x29, 0x3E, 0xDA, 0xA4, 0x8C, 0x12, 0x97,
    0x7B, 0xD5, 0xCF, 0xDD, 0x74, 0xB8, 0x62, 0x30, 0x15, 0x97, 0x09, 0x0C, 0xBA, 0x13, 0xB4, 0xD5,
    0x33, 0x53, 0xE1, 0x9C, 0xA8, 0x99, 0x97, 0x74, 0x50, 0xA3, 0xE9, 0x06, 0x87, 0xD1, 0x32, 0xE7,
    0xD1, 0xCE, 0xA1, 0xF7, 0x6B, 0x1D, 0x44, 0xEB, 0xAD, 0x6B, 0xBC, 0xB1, 0xBA, 0x03, 0xA5, 0x87,
    0xA2, 0x5B, 0x76, 0x42, 0x65, 0x60, 0xCE, 0x3E, 0x6C, 0xD8, 0x8A, 0xBA, 0x30, 0xA4, 0x33, 0xDA,
    0xF8, 0xF2, 0x32, 0x0D, 0x70, 0x95, 0x0C, 0x8B, 0xA0, 0xB6, 0x1D, 0x5E, 0xC0, 0x2E, 0x5E, 0xB1,
    0x6E, 0xD2, 0x46, 0xD7, 0xA9, 0xC8, 0xB2, 0xDA, 0x19, 0xD8, 0xDC, 0x34, 0x24, 0x00, 0x5F, 0x74,
    0xA7, 0x54, 0xE3, 0xD4, 0x51, 0x65, 0xD1, 0x15, 0x40, 0x5A, 0x8E, 0x9D, 0x84, 0x65, 0x4B, 0xBB,
    0xF7, 0xF0, 0x78, 0x0E, 0x7E, 0x99, 0x04, 0x78, 0x55, 0x84, 0x19, 0xF2, 0x69, 0x13, 0xAD, 0x0F,
    0x7A, 0x9B, 0xBA, 0x3A, 0x0B, 0xAE, 0x3C, 0xA8, 0xD8, 0x83, 0x55, 0x3D, 0x4E, 0x52, 0xDA, 0x6C,
    0x29, 0x4B, 0x58, 0xC7, 0x85, 0x3A, 0x64, 0x53, 0x90, 0x87, 0xB6, 0xDE, 0x0F, 0x2B, 0x8F, 0xF9,
    0x5C, 0xDB, 0x7D, 0x99, 0x06, 0x5C, 0x6E, 0x51, 0xB4, 0xA0, 0x1B, 0x08, 0x3C, 0xBD, 0xDB, 0x81,
    0x74, 0xCF, 0x95, 0xC0, 0xA2, 0x74, 0x9A, 0x71, 0x61, 0xE9, 0x78, 0xDA, 0xB3, 0xC9, 0xF4, 0x7B,
    0x25, 0x0E, 0xED, 0x7D, 0x1B, 0x0E, 0x8B, 0xC9, 0xB5, 0x9A, 0x54, 0xB7, 0x3B, 0xEA, 0x54, 0x74,
    0x79, 0xF3, 0xF8, 0x13, 0xDE, 0x94, 0x0E, 0x55, 0xB7, 0xF2, 0x58, 0x72, 0x10, 0xF5, 0x87, 0xED,
    0x52, 0x10, 0x5D, 0xDD, 0x9E, 0xA3, 0x6A, 0xFF, 0x65, 0x07, 0x03, 0x5C, 0xFE, 0x82, 0xA1, 0x23,
    0x2A, 0x68, 0x79, 0xDB, 0xCC, 0x3E, 0x22, 0xEB, 0x57, 0x61, 0xF3, 0x11, 0x6F, 0x36, 0x71, 0x59,
    0xCC, 0x73, 0x7F, 0x65, 0x49, 0x38, 0x55, 0x1C, 0xD0, 0x7F, 0x77, 0xE6, 0x22, 0x87, 0xF5, 0xE7,
    0xC1, 0xF2, 0x5E, 0x3C, 0x94, 0x59, 0x49, 0x9B, 0x91, 0x2D, 0x92, 0x0D, 0x98, 0xC0, 0xBA, 0x94,
    0xDA, 0xAD, 0x64, 0xB6, 0x1F, 0xDA, 0x38, 0x25, 0x1A, 0xC6, 0x1C, 0x75, 0xF5, 0x55, 0x01, 0x58,
    0x6C, 0xE3, 0x16, 0x25, 0xF6, 0xFA, 0x06, 0x35, 0xFB, 0x76, 0xFD, 0x24, 0x5A, 0x0F, 0x97, 0x3B,
    0xB0, 0xBF, 0x59, 0x72, 0xC0, 0x3C, 0x57, 0xDE, 0xB0, 0x27, 0xED, 0xF7, 0x39, 0x51, 0x5A, 0x1D,
    0x2C, 0x5C, 0xB3, 0xA6, 0x22, 0x2F, 0x87, 0x31, 0x8A, 0xE2, 0xF1, 0xA7, 0xED, 0xE3, 0xFC, 0x73,
    0xF0, 0xAA, 0x57, 0x51, 0xC9, 0x5A, 0xDF, 0xD8, 0xB4, 0x55, 0x30, 0xDC, 0x2F, 0x60, 0x0A, 0x54,
    0xC6, 0x53, 0x96, 0xB3, 0x40, 0xA1, 0x0B, 0x76, 0xA5, 0x4B, 0xBB, 0x1C, 0x9A, 0xC1, 0xD5, 0x2B,
    0xD6, 0x4B, 0x55, 0x82, 0x04, 0xAB, 0x41, 0xFF, 0xDD, 0xC7, 0x27, 0xDE, 0x8F, 0xCB, 0x28, 0xF6,
    0x27, 0x72, 0x62, 0x44, 0x7C, 0xEE, 0xFC, 0x02, 0xD4, 0xA2, 0xAF, 0x59, 0xB6, 0x85, 0xA2, 0x00,
    0x1C, 0xDC, 0x4F, 0xF6, 0x4B, 0xCA, 0x6E, 0xAB, 0x28, 0xCE, 0x65, 0xA1, 0xCC, 0x5B, 0x32, 0x41,
    0x99, 0x3A, 0x2C, 0x4C, 0x50, 0x1A, 0x2F, 0x9B, 0xC1, 0x1D, 0xF3, 0x03, 0x4C, 0x8D, 0x3F, 0xDD,
    0x22, 0x11, 0xCB, 0x16, 0xB3, 0x22, 0x9A, 0x55, 0x03, 0xFB, 0xA4, 0x5D, 0x67, 0x2F, 0xD9, 0x2C,
    0xDB, 0x9C, 0x00, 0x88, 0x98, 0xDD, 0x2A, 0x47, 0x5A, 0xBB, 0x2A, 0x09, 0x9A, 0xD1, 0x8D, 0x03,
    0x77, 0x2F, 0x66, 0xAA, 0x7F, 0xF0, 0x3D, 0x24, 0x3D, 0xE2, 0x80, 0x97, 0x49, 0x3C, 0x4D, 0x94,
    0xB0, 0x40, 0x59, 0xE4, 0xB4, 0xC6, 0x2E, 0x88, 0x2A, 0xAA, 0x0B, 0x71, 0xCD, 0xE4, 0xE6, 0xF7,
    0x20, 0x72, 0x0C, 0x37, 0xC9, 0xB5, 0x95, 0x77, 0xF6, 0x61, 0x6D, 0x75, 0x43, 0x47, 0xF8, 0xAC,
    0x30, 0xBD, 0xED, 0xA5, 0xDB, 0x9A, 0xF2, 0x2C, 0x43, 0x51, 0x49, 0xF2, 0x0B, 0xD8, 0x91, 0xB6,
    0x8A, 0x1E, 0xD3, 0xFA, 0x0B, 0xED, 0x2F, 0xAC, 0x99, 0x64, 0xBE, 0x70, 0x54, 0x38, 0xA6, 0xF2,
    0x8E, 0x27, 0x7E, 0x54, 0x70, 0xEE, 0x39, 0x3E, 0x76, 0x90, 0x92, 0x00, 0x8D, 0x36, 0xC9, 0xE7,
    0x32, 0xBC, 0x09, 0x0A, 0xDB, 0x06, 0xB4, 0x1E, 0x38, 0x05, 0x19, 0xDD, 0x96, 0x78, 0x34, 0xAC,
    0xBA, 0x6B, 0x45, 0x11, 0x9A, 0xEE, 0x3F, 0x74, 0xD8, 0x9E, 0x31, 0x59, 0xBE, 0x33, 0xA6, 0x57,
    0x96, 0x68, 0x94, 0xF2, 0x0A, 0x87, 0x11, 0xBD, 0x55, 0x56, 0x98, 0x2B, 0x07, 0xE9, 0x00, 0x55,
    0xB9, 0xA2, 0x16, 0x7B, 0x63, 0x90, 0x86, 0x82, 0xF2, 0xAE, 0x96, 0xD4, 0xD8, 0xCC, 0x31, 0x2B,
    0xF7, 0x42, 0xCD, 0x74, 0xAC, 0x81, 0xAC, 0x21, 0x45, 0xDC, 0x5D, 0xBA, 0x3C, 0xB0, 0x25, 0xE7,
    0x50, 0xD2, 0x5B, 0x48, 0x76, 0xC9, 0xFD, 0x41, 0x95, 0xB3, 0x72, 0xCD, 0xEC, 0xD5, 0x86, 0x89,
    0x1D, 0x01, 0xB7, 0x2D, 0x9E, 0x07, 0x25, 0xD9, 0xAE, 0xEB, 0xCD, 0x84, 0x8E, 0x4A, 0xD7, 0x6D,
    0x00, 0x7A, 0xE2, 0x60, 0x1D, 0xE8, 0xDD, 0xD3, 0x1B, 0xEA, 0xD6, 0xAD, 0x7A, 0xA7, 0x63, 0xAC,
    0x75, 0x7B, 0x84, 0xFF, 0xC0, 0x66, 0x38, 0x1A, 0x94, 0x18, 0x44, 0xF6, 0xEF, 0x94, 0xCC, 0xBE,
    0x7C, 0x75, 0xDA, 0xBA, 0xFC, 0x45, 0x52, 0x22, 0x49, 0xCD, 0x3D, 0x50, 0x50, 0xBB, 0xDE, 0x96,
    0x3B, 0x05, 0x71, 0xBF, 0x3B, 0xA8, 0x61, 0x7F, 0xD5, 0xE1, 0xA9, 0x17, 0xC2, 0xD5, 0x0D, 0x43,
    0xCD, 0x23, 0x1C, 0x95, 0x13, 0x71, 0x35, 0x55, 0xEE, 0x81, 0xA3, 0x45, 0x9F, 0xC2, 0x1A, 0xD3,
    0x5A, 0xE9, 0x7B, 0xAC, 0xF2, 0xA4, 0x0A, 0x46, 0x8D, 0x97, 0x70, 0xA4, 0x78, 0x82, 0xBD, 0xEA,
    0x65, 0x1C, 0x67, 0x92, 0xD5, 0xF8, 0x92, 0x3D, 0x7E, 0xDE, 0x26, 0x03, 0x90, 0x9A, 0xF4, 0xA4,
    0x57, 0xAD, 0x3B, 0xE4, 0xFD, 0xE0, 0xAD, 0x2E, 0xEB, 0xC5, 0xB9, 0xD7, 0x15, 0x10, 0x38, 0x54,
    0x34, 0xFF, 0x3B, 0x93, 0x45, 0xD9, 0xE5, 0x81, 0xF2, 0xED, 0xFD, 0xD5, 0x58, 0x09, 0x4C, 0xB1,
    0x32, 0x82, 0x81, 0xCD, 0x82, 0x6C, 0x95, 0x76, 0xB1, 0x7A, 0x27, 0x9D, 0x9B, 0x56, 0x37, 0x9B,
    0x6D, 0xD5, 0xCA, 0x8F, 0x08, 0x42, 0x64, 0x46, 0xFA, 0x56, 0x1D, 0x87, 0x9A, 0x17, 0x21, 0x9B,
    0x16, 0x45, 0xBA, 0x7D, 0xB1, 0xB3, 0x81, 0x5D, 0x51, 0xBD, 0x1A, 0xC0, 0x74, 0x9D, 0x20, 0x78,
    0x86, 0xED, 0xE9, 0x1E, 0xA2, 0xE5, 0xD4, 0xCC, 0x8B, 0x83, 0xAA, 0x14, 0xB4, 0xF7, 0xB2, 0x55,
    0x1F, 0x6D, 0x63, 0x9B, 0xBC, 0xB7, 0xA4, 0xA4, 0x0A, 0x2E, 0xEF, 0x64, 0x23, 0x54, 0x67, 0x99,
    0xEF, 0xD2, 0x8E, 0xA9, 0x7A, 0xE0, 0x24, 0x52, 0xAC, 0xD5, 0x7B, 0xB2, 0x11, 0x1A, 0x36, 0x41,
    0x29, 0xE3, 0x46, 0xFF, 0xA0, 0xF7, 0x45, 0x68, 0x64, 0x5B, 0x63, 0xE1, 0x5E, 0x6D, 0x5B, 0x61,
    0xC9, 0xEC, 0x3D, 0x8C, 0xB9, 0x90, 0xC1, 0x8E, 0x97, 0x58, 0xE7, 0xA1, 0xEE, 0x8D, 0x33, 0x72,
    0xD1, 0xDD, 0xC9, 0xE2, 0x58, 0x7B, 0x71, 0x0E, 0x6D, 0x81, 0x97, 0xF2, 0x78, 0x6D, 0x97, 0xD2,
    0x9E, 0x2C, 0xE2, 0xAC, 0xC5, 0x0D, 0x83, 0x6D, 0xC7, 0x46, 0x33, 0x9A, 0xB6, 0xEF, 0x04, 0xB6,
    0xDA, 0x8A, 0x49, 0xC3, 0x2A, 0x6B, 0xE3, 0xCE, 0x86, 0x50, 0x19, 0xD8, 0xC3, 0xDB, 0x41, 0x55,
    0x32, 0xB3, 0xA6, 0xB2, 0xB0, 0x45, 0x9A, 0x2A, 0x2F, 0x2D, 0x17, 0xA8, 0x95, 0x0F, 0x47, 0x69,
    0xC6, 0xD0, 0x14, 0xF5, 0xBA, 0xE3, 0x59, 0x20, 0xFB, 0x58, 0x28, 0x29, 0x3B, 0x94, 0x54, 0xCC,
    0xB5, 0xD8, 0x30, 0x6E, 0xC3, 0xC0, 0xE0, 0xBC, 0xB7, 0xFE, 0x55, 0x38, 0xA5, 0x05, 0x59, 0xEC,
    0xC3, 0xFE, 0x72, 0xD9, 0x61, 0x77, 0xE5, 0x54, 0x2D, 0x38, 0xF9, 0x56, 0x5F, 0xC1, 0x18, 0xAF,
    0x66, 0x5E, 0x07, 0x56, 0x53, 0x4F, 0xE6, 0x8D, 0xB4, 0xF8, 0x2C, 0x69, 0x87, 0x80, 0x01, 0xD8,
    0x72, 0x38, 0xAB, 0x39, 0xA7, 0x37, 0xCC, 0xEA, 0x9E, 0xE4, 0xD7, 0x99, 0xD4, 0x13, 0x20, 0x29,
    0xD3, 0x92, 0xB2, 0x87, 0x57, 0xE5, 0x21, 0x63, 0xBD, 0xEE, 0x2C, 0xFC, 0xAB, 0x3B, 0x5E, 0xE3,
    0xAC, 0x5D, 0xF1, 0x50, 0x34, 0x01, 0xA0, 0xEF, 0x27, 0xE8, 0x5A, 0x19, 0x97, 0xC6, 0xF0, 0xEA,
    0x1E, 0x9D, 0x6F, 0x96, 0x3E, 0xF4, 0xB8, 0xC6, 0x55, 0x97, 0x5B, 0xC9, 0x22, 0xAE, 0xD8, 0x8C,
    0x8A, 0x28, 0x29, 0x59, 0x21, 0xC0, 0xC5, 0x52, 0x2B, 0xDF, 0xA5, 0xC0, 0x7F, 0x6D, 0x2E, 0x56,
    0x23, 0xE8, 0xCC, 0x84, 0x6E, 0x1E, 0xDA, 0xD7, 0x8D, 0xAF, 0xDA, 0x3C, 0xF8, 0xCB, 0x06, 0x6E,
    0xE0, 0xEE, 0x9A, 0x95, 0x05, 0x56, 0xE9, 0x19, 0x95, 0x2B, 0x07, 0x6F, 0x1A, 0xAC, 0xCE, 0x54,
    0x66, 0xCF, 0x6F, 0xEB, 0xC8, 0x3C, 0x2F, 0x71, 0x49, 0x7F, 0xD4, 0x59, 0xFA, 0x0B, 0x39, 0x81,
    0x59, 0x85, 0x28, 0x23, 0x2A, 0x18, 0xF3, 0xB0, 0x89, 0xEC, 0xB2, 0xE7, 0x96, 0x5D, 0xA4, 0x5B,
    0x3D, 0xDE, 0x63, 0x36, 0xB3, 0x0F, 0xD9, 0x6D, 0x14, 0xA4, 0xE6, 0xC5, 0x1E, 0x4B, 0x25, 0xD5,
    0x99, 0x64, 0x6F, 0x2B, 0xCD, 0xC5, 0x4A, 0xB5, 0xCA, 0x2E, 0x07, 0xB1, 0x32, 0xE6, 0xC1, 0x91,
    0xC2, 0x98, 0x65, 0x06, 0xBE, 0xDF, 0xEB, 0xDD, 0x2D, 0x2F, 0x52, 0x55, 0x1F, 0xD5, 0x4B, 0x06,
    0x8C, 0x04, 0x75, 0xD2, 0xA5, 0x03, 0xE5, 0x19, 0xD8, 0xE3, 0x58, 0xCD, 0xFC, 0xFF, 0x60, 0x2E,
    0x17, 0x6E, 0x03, 0x5D, 0x99, 0x6D, 0x44, 0xEB, 0xE7, 0x3D, 0xDD, 0x13, 0x52, 0xD6, 0x12, 0xCF,
    0xAD, 0x50, 0xC7, 0x9A, 0x63, 0xD3, 0xE9, 0x59, 0x75, 0x47, 0x9C, 0xDD, 0x41, 0x1D, 0x0D, 0xB7,
    0xFD, 0x45, 0x6F, 0xE4, 0x28, 0x3B, 0x31, 0xBC, 0x8B, 0x8E, 0x5B, 0xE0, 0xE1, 0x01, 0x6F, 0xDC,
    0x28, 0x1A, 0xB9, 0x0B, 0xFB, 0xBF, 0xBF, 0x0E, 0x71, 0x0F, 0x00, 0x2B, 0x83, 0x8A, 0x41, 0x4D,
    0x70, 0x32, 0xA7, 0x83, 0x9E, 0xCD, 0xC2, 0x84, 0x55, 0xD4, 0xF4, 0x9D, 0xDB, 0x5C, 0x1B, 0x3A,
    0x60, 0x17, 0x84, 0xD6, 0xB7, 0x9D, 0x5B, 0xDD, 0x65, 0x45, 0x5F, 0x34, 0x51, 0xEA, 0xE1, 0x5D,
    0xC7, 0x0A, 0x41, 0xEB, 0xA0, 0xAC, 0x5B, 0x65, 0xE9, 0x36, 0x0F, 0x87, 0x0F, 0x9E, 0x83, 0xA9,
    0x57, 0x72, 0xEF, 0x6D, 0x29, 0x3A, 0x4B, 0x1C, 0x90, 0xEF, 0x9A, 0x22, 0x74, 0x5B, 0xC7, 0xE4,
    0x2E, 0x92, 0x69, 0xA9, 0x61, 0xBE, 0x9E, 0x63, 0x74, 0xFD, 0xEC, 0xA5, 0xB6, 0xE0, 0x73, 0xEA,
    0xC4, 0x24, 0x48, 0xC7, 0x49, 0xA8, 0xD9, 0x2B, 0xEE, 0x20, 0x43, 0xD7, 0xA0, 0x74, 0x58, 0xC3,
    0x3F, 0x04, 0xE9, 0x12, 0x76, 0x03, 0xE4, 0x27, 0x62, 0xF9, 0xFE, 0xEB, 0x79, 0x30, 0x09, 0x7D,
    0xAF, 0x25, 0xAD, 0xD9, 0xC3, 0x03, 0x34, 0x59, 0x15, 0xDD, 0x32, 0x35, 0x30, 0xBB, 0xD0, 0xA4,
    0xDC, 0x7C, 0xD9, 0x9D, 0xC7, 0xA3, 0x10, 0x76, 0x1D, 0x45, 0xFF, 0x71, 0x6D, 0x3A, 0x96, 0x7B,
    0xEC, 0x4A, 0x15, 0x91, 0xFA, 0xEA, 0xDE, 0x86, 0xD7, 0x78, 0x29, 0x32, 0xE4, 0x8D, 0xA6, 0x32,
    0x3B, 0x46, 0x67, 0xD1, 0xC3, 0x74, 0xDB, 0xAF, 0xDA, 0x77, 0xF2, 0xB3, 0xA5, 0x35, 0x46, 0xD1,
    0xB8, 0x8A, 0x3F, 0xB4, 0xD2, 0x86, 0x55, 0x10, 0xB6, 0x33, 0x0E, 0xB5, 0xA6, 0xC9, 0x5F, 0x9D,
    0xBC, 0x14, 0x38, 0xA8, 0xFB, 0x8E, 0x73, 0x41, 0x1B, 0x85, 0x8D, 0xF2, 0xF0, 0xE0, 0x58, 0xA5,
    0x8D, 0x8A, 0x69, 0xD6, 0xC9, 0xC3, 0x0E, 0x5F, 0xDA, 0x2F, 0xC8, 0x24, 0x20, 0xC1, 0x57, 0xB3,
    0xE6, 0xD5, 0x1A, 0x86, 0x6D, 0x27, 0x90, 0xB1, 0x43, 0x20, 0xE9, 0x9E, 0xD0, 0x9F, 0x52, 0xDC,
    0xCB, 0xFE, 0x78, 0xD6, 0x20, 0xA8, 0x0C, 0x18, 0x89, 0x79, 0x8B, 0xC6, 0xCF, 0x46, 0xA3, 0xF2,
    0x67, 0xAF, 0xEF, 0x3D, 0x0A, 0xE7, 0xCB, 0x38, 0xC9, 0x7C, 0x49, 0x8B, 0xAC, 0xD3, 0x48, 0x82,
    0x86, 0x56, 0x47, 0x0B, 0xF9, 0xB7, 0x6A, 0xF0, 0xFC, 0x76, 0x39, 0x0B, 0x75, 0x54, 0x58, 0x13,
    0x6C, 0xC8, 0xD1, 0x24, 0xCB, 0x34, 0x4B, 0x82, 0x6C, 0x3C, 0xB3, 0xB6, 0xCB, 0x52, 0x2F, 0xCB,
    0xED, 0x55, 0xB9, 0x63, 0xC8, 0xB5, 0x5D, 0xA2, 0xA8, 0x3B, 0x3E, 0xC0, 0x56, 0xDB, 0x10, 0xED,
    0x6B, 0x0C, 0xBA, 0xF6, 0x00, 0xCB, 0xE5, 0xF2, 0xCA, 0x96, 0x0A, 0x12, 0xF7, 0xBC, 0xC7, 0xBB,
    0x34, 0xF3, 0xE7, 0xFF, 0xF2, 0x5F, 0x3C, 0xDE, 0xC5, 0xF9, 0x3A, 0xC7, 0x66, 0x1E, 0xE3, 0x39,
    0xEE, 0x39, 0x7D, 0x66, 0x73, 0x78, 0xCE, 0x6A, 0x3C, 0x9E, 0x84, 0x57, 0xDE, 0x38, 0xF2, 0xD3,
    0xF4, 0xAC, 0x91, 0xAB, 0x69, 0x8D, 0x73, 0x01, 0x57, 0xFE, 0xAC, 0xCE, 0x7D, 0x51, 0x46, 0x2D,
    0x05, 0x7A, 0x54, 0x2C, 0x7F, 0x33, 0xBF, 0xD2, 0x71, 0xB8, 0x5A, 0x04, 0x0A, 0xA1, 0x4E, 0xCF,
    0x0B, 0xF1, 0x63, 0xBC, 0x86, 0x87, 0x01, 0x35, 0x4F, 0xE3, 0x9B, 0xB3, 0x06, 0x8B, 0xDC, 0x86,
    0xFF, 0x35, 0x28, 0x74, 0xEA, 0xAC, 0x81, 0xEB, 0xBB, 0xC1, 0xE3, 0x99, 0xCE, 0x1A, 0xB9, 0xA0,
    0xD4, 0x50, 0xC2, 0xA8, 0xCE, 0x1A, 0x83, 0x86, 0xDA, 0x8A, 0x1E, 0x4D, 0x75, 0xD6, 0x20, 0x5E,
    0xDE, 0xD0, 0x53, 0x97, 0x8A, 0xF7, 0xE7, 0x7A, 0xF5, 0xC7, 0x38, 0x01, 0x1E, 0xF4, 0x08, 0x7A,
    0x72, 0x4B, 0xFF, 0xF2, 0x96, 0xFA, 0x07, 0x0D, 0xAE, 0xD3, 0xB2, 0xDF, 0xC9, 0x0D, 0xB6, 0x7E,
    0xFE, 0x78, 0x17, 0x2B, 0xB8, 0xC1, 0x1C, 0x13, 0x98, 0xE3, 0x1C, 0x8C, 0x04, 0xE5, 0xC0, 0x5D,
    0x9B, 0xD2, 0xBB, 0x4E, 0xCE, 0x1A, 0x6F, 0x8E, 0xBD, 0xFE, 0xD5, 0x1E, 0x96, 0xC3, 0x37, 0x25,
    0xE5, 0xFA, 0xC3, 0x9A, 0x05, 0x8F, 0xBD, 0x41, 0xAF, 0x2E, 0xC4, 0x9A, 0x25, 0x07, 0x3D, 0xEF,
    0x78, 0x56, 0xB3, 0x60, 0x7F, 0xBF, 0x56, 0xC9, 0x7E, 0x4D, 0x88, 0xFD, 0x32, 0x80, 0xB0, 0x4C,
    0xAE, 0xA6, 0x2A, 0xA1, 0xEE, 0x02, 0xA5, 0x1A, 0xA4, 0xAB, 0x57, 0x9B, 0xF5, 0xCF, 0x5F, 0x7C,
    0x78, 0xBF, 0x37, 0xF0, 0x9E, 0xFB, 0xE9, 0x6C, 0x14, 0x03, 0xA7, 0x85, 0x65, 0xD6, 0xD7, 0x4B,
    0x2D, 0xCF, 0x7F, 0x08, 0xC8, 0x1B, 0x03, 0x0F, 0x93, 0x83, 0xAB, 0x70, 0x1C, 0xA0, 0x98, 0x18,
    0x66, 0x71, 0x02, 0x9D, 0x29, 0x6D, 0xD5, 0x78, 0xC6, 0xE5, 0x43, 0x2B, 0xFA, 0xAC, 0x21, 0xF6,
    0x37, 0x92, 0x62, 0x64, 0xDE, 0xC2, 0x99, 0x1F, 0xF2, 0x58, 0xD2, 0x87, 0xDD, 0x2B, 0x50, 0x3D,
    0x23, 0x6B, 0x78, 0xE1, 0x84, 0xBF, 0x13, 0x47, 0xDE, 0xC6, 0xCA, 0x1C, 0x51, 0x02, 0x4A, 0xB5,
    0x3E, 0x3F, 0x0C, 0x6D, 0x78, 0xF1, 0x62, 0x1C, 0x85, 0xE3, 0x4F, 0xF0, 0x9E, 0xE2, 0xFF, 0x3F,
    0xCA, 0x90, 0x5A, 0x6D, 0xCB, 0x02, 0xC2, 0x75, 0x9E, 0xB7, 0xD9, 0x61, 0x67, 0xFE, 0xAB, 0x45,
    0xFD, 0xB5, 0x2E, 0x87, 0x02, 0x55, 0x2F, 0x77, 0x4F, 0x60, 0x8E, 0xED, 0xF3, 0x74, 0x24, 0xC2,
    0xED, 0x38, 0xF8, 0xDB, 0xEC, 0x1F, 0xF4, 0x70, 0x1C, 0x26, 0x63, 0x90, 0xD4, 0xC7, 0xD0, 0x97,
    0xFE, 0xA0, 0xE1, 0x8D, 0x6F, 0xD9, 0xDF, 0xE4, 0xAC, 0x31, 0x44, 0x52, 0x62, 0x9F, 0x6D, 0x15,
    0x91, 0x7B, 0x78, 0x37, 0x7D, 0x56, 0xFC, 0x16, 0xFF, 0x36, 0xBC, 0x9B, 0x01, 0x7F, 0x84, 0xBF,
    0x44, 0x89, 0x58, 0xA8, 0x56, 0xE5, 0x81, 0x56, 0x7B, 0x50, 0xAF, 0xFA, 0x7E, 0x77, 0xC0, 0x01,
    0xB0, 0x5F, 0x08, 0x62, 0xD8, 0x3D, 0xD8, 0x67, 0x40, 0xE8, 0x57, 0xAD, 0x5E, 0x1C, 0x75, 0xF7,
    0x0E, 0xF8, 0x28, 0xD8, 0x4F, 0xEA, 0xCB, 0x71, 0xF7, 0xF0, 0x88, 0x41, 0x62, 0x3F, 0x6B, 0x81,
    0xE2, 0x60, 0x78, 0x67, 0xF6, 0x78, 0xFD, 0x41, 0xAD, 0xCA, 0x03, 0xAD, 0xF6, 0x60, 0xB3, 0xEA,
    0x05, 0x36, 0x78, 0xD7, 0x55, 0x74, 0xB0, 0xA1, 0x6D, 0x88, 0x0F, 0x56, 0x5D, 0x43, 0x07, 0x35,
    0xE4, 0x02, 0x64, 0xB2, 0x1A, 0xD7, 0x52, 0x98, 0xC7, 0xF1, 0xAF, 0xB5, 0x16, 0x4E, 0x05, 0x73,
    0xA1, 0x36, 0x6C, 0xC8, 0x28, 0x38, 0x35, 0x30, 0xD6, 0x41, 0xF7, 0xF0, 0xF8, 0xC9, 0xB1, 0x77,
    0x8C, 0x7E, 0xD5, 0xF8, 0xDF, 0x7E, 0x17, 0xDE, 0xEE, 0x79, 0x87, 0xF0, 0x5F, 0xE6, 0xE7, 0x20,
    0x0A, 0xFD, 0xE2, 0x66, 0xD4, 0x0E, 0xB4, 0xA0, 0x24, 0x5A, 0xE0, 0x85, 0x0C, 0x11, 0x8D, 0xF3,
    0xD7, 0xD8, 0x51, 0xA8, 0x01, 0x1F, 0xED, 0x98, 0xFC, 0x32, 0x48, 0xDB, 0x97, 0x90, 0x86, 0xBF,
    0xC5, 0xC9, 0x68, 0xAF, 0x3B, 0xB4, 0xE3, 0x2C, 0x8E, 0x6E, 0x89, 0x88, 0xC8, 0xE8, 0x07, 0xFC,
    0xF3, 0x00, 0x50, 0xD6, 0x1F, 0x78, 0xB8, 0x23, 0x1F, 0x79, 0xC7, 0x84, 0x1B, 0x5E, 0xA4, 0x16,
    0x7E, 0x1E, 0xEF, 0x32, 0x76, 0xAC, 0xBF, 0x36, 0x38, 0x3C, 0x3A, 0x3C, 0x58, 0xD8, 0xAF, 0x51,
    0x8E, 0x9D, 0xFA, 0x36, 0x3C, 0xF3, 0xD8, 0xBD, 0xE0, 0xED, 0x69, 0x90, 0x11, 0x63, 0x6F, 0x35,
    0xE9, 0x4B, 0xB3, 0x6D, 0x1D, 0xEA, 0xFD, 0x4D, 0x82, 0x05, 0xFA, 0x1D, 0xF8, 0xF2, 0x1D, 0x39,
    0xF3, 0x9D, 0x79, 0xF3, 0xBD, 0x71, 0xE7, 0x7B, 0xE5, 0xCF, 0x77, 0xE4, 0xD0, 0x77, 0xE6, 0xD1,
    0xF7, 0xC8, 0xA5, 0xEF, 0x8D, 0x4F, 0xBB, 0x58, 0x92, 0xE7, 0x11, 0xF7, 0x71, 0xD0, 0xBC, 0xB2,
    0x9C, 0xC8, 0x11, 0xE2, 0x7E, 0x38, 0xF8, 0x5E, 0xC3, 0x36, 0x54, 0x95, 0x1D, 0x1D, 0x48, 0xEC,
    0xE8, 0xA0, 0x06, 0x0F, 0xB7, 0x71, 0x24, 0x90, 0xBB, 0x89, 0x29, 0x1D, 0x7A, 0xFB, 0x1E, 0x9B,
    0x32, 0x27, 0x47, 0x72, 0xF2, 0xEC, 0x5D, 0x53, 0x50, 0xAE, 0xCB, 0x6C, 0x26, 0x7E, 0xF2, 0xC9,
    0xCA, 0x6B, 0xF0, 0xC3, 0xAF, 0xC4, 0x6A, 0xEE, 0x7B, 0xA7, 0x73, 0x13, 0xD6, 0x73, 0x18, 0xE4,
    0x3F, 0xD3, 0xD5, 0x26, 0x74, 0x65, 0xD1, 0xD2, 0xAC, 0x7A, 0x9B, 0xC0, 0x1F, 0x33, 0x1D, 0x31,
    0x45, 0x07, 0x44, 0xAC, 0x05, 0xB3, 0xA0, 0x7C, 0x60, 0x6F, 0x4B, 0xB6, 0xD1, 0xE5, 0x2A, 0x4A,
    0x03, 0x4C, 0xEB, 0x8F, 0x3D, 0xB7, 0x74, 0x43, 0x37, 0x58, 0xA4, 0xF3, 0x87, 0x12, 0xDC, 0xF8,
    0xD4, 0x58, 0x6F, 0x06, 0x6C, 0x94, 0xA8, 0xBF, 0x43, 0x24, 0xCB, 0xE1, 0xD0, 0xEF, 0x23, 0xD1,
    0xB2, 0x08, 0x38, 0x50, 0x88, 0xBB, 0xBD, 0x23, 0xAF, 0x57, 0x47, 0x79, 0xEE, 0xEE, 0x0F, 0xBC,
    0x63, 0xBF, 0x7F, 0xE0, 0xC1, 0xFF, 0x58, 0xE5, 0x41, 0xBF, 0x8B, 0xBF, 0x6B, 0x54, 0x3E, 0xEA,
    0x0E, 0xF7, 0xA0, 0x5E, 0xB7, 0xDF, 0xF7, 0x0F, 0x3C, 0x51, 0xFD, 0xA0, 0x7B, 0x3C, 0x2C, 0xAB,
    0x6D, 0xD9, 0xE0, 0x07, 0x3D, 0xDA, 0xE0, 0xFB, 0xCE, 0x0D, 0xDE, 0x2A, 0x23, 0x91, 0x90, 0xF8,
    0x8C, 0xCD, 0x75, 0x30, 0xB1, 0x08, 0x8D, 0xE5, 0x3A, 0xB7, 0xFC, 0x54, 0xFC, 0x66, 0xC6, 0x34,
    0x32, 0x9C, 0xD1, 0xE3, 0xA3, 0x4E, 0x07, 0x54, 0x7A, 0xB4, 0x42, 0xCB, 0x7E, 0x6A, 0x9D, 0x0E,
    0x2B, 0x8C, 0x86, 0x69, 0x4E, 0x1D, 0x85, 0xA9, 0x9A, 0x11, 0xA1, 0xF4, 0x2C, 0x1A, 0x51, 0x55,
    0xEC, 0xDC, 0xB0, 0xCF, 0xCE, 0x60, 0x05, 0xBB, 0xF4, 0x47, 0xC8, 0x2C, 0xB9, 0xCD, 0x41, 0xE6,
    0x98, 0xD7, 0x61, 0x36, 0x9E, 0x7D, 0xF4, 0x47, 0xC8, 0x32, 0xF9, 0x67, 0x99, 0x6F, 0x3E, 0x0C,
    0xB7, 0xCC, 0x4D, 0x58, 0x7B, 0x64, 0xC2, 0xDA, 0xCB, 0x4D, 0x58, 0x87, 0x85, 0x09, 0xEB, 0xD0,
    0x62, 0xC2, 0xCA, 0xEB, 0xF5, 0xF7, 0xEF, 0x56, 0xB1, 0xBF, 0xBF, 0x71, 0xCD, 0xBD, 0x8D, 0x2A,
    0xAA, 0xA4, 0x95, 0x5B, 0x7B, 0x04, 0x5D, 0x28, 0x72, 0xB8, 0x63, 0x06, 0xE5, 0xA9, 0xE3, 0x16,
    0x5E, 0x9D, 0x06, 0x3A, 0xF9, 0x7B, 0xDB, 0x84, 0xF2, 0x8F, 0x5F, 0x60, 0x3A, 0x0D, 0xF6, 0xBD,
    0x8F, 0x9C, 0xBB, 0xDF, 0x43, 0xD6, 0xB1, 0xEF, 0x0D, 0x1D, 0xEC, 0xDB, 0x22, 0x59, 0x1F, 0x73,
    0x21, 0xB0, 0x27, 0xE4, 0x50, 0x43, 0xDC, 0x52, 0x11, 0xCB, 0xBD, 0x90, 0xB6, 0x45, 0x6B, 0x9C,
    0xF9, 0x06, 0x4A, 0xE9, 0x9D, 0x0D, 0x9D, 0xF0, 0xE1, 0x4B, 0xA0, 0x52, 0x96, 0x1E, 0x86, 0x57,
    0xFB, 0xFE, 0xC0, 0x1B, 0x30, 0x16, 0xD8, 0x81, 0x5F, 0xDF, 0x0F, 0xE5, 0xE7, 0xCE, 0xE0, 0xAA,
    0xB3, 0x6F, 0x61, 0x89, 0xE6, 0x7C, 0xC0, 0x6C, 0x1C, 0xA1, 0xE6, 0x88, 0x92, 0xC7, 0x51, 0xED,
    0xE9, 0xD8, 0x53, 0x15, 0x95, 0xFE, 0xB0, 0x62, 0x36, 0x58, 0xC2, 0x05, 0xCC, 0x9F, 0x6B, 0x99,
    0x90, 0xC7, 0xBB, 0x80, 0x5D, 0xC1, 0xFF, 0xA4, 0xAD, 0xB2, 0xF0, 0xC9, 0xCD, 0x39, 0x1A, 0x72,
    0xC7, 0x0F, 0xFC, 0xFC, 0xD6, 0x64, 0x8F, 0x50, 0xC0, 0xC7, 0xD3, 0xDD, 0x7C, 0x8F, 0x66, 0x25,
    0xD9, 0x44, 0x8A, 0x87, 0xA2, 0x87, 0x12, 0x33, 0x95, 0xFC, 0x5B, 0x15, 0x9C, 0x3F, 0x28, 0x07,
    0x7D, 0x58, 0x99, 0x73, 0x5B, 0x4E, 0x7A, 0x27, 0x6E, 0x7A, 0x37, 0x8E, 0x7A, 0x07, 0xAE, 0x6A,
    0xDF, 0xB4, 0x35, 0xEE, 0xEA, 0xB0, 0x74, 0x6C, 0xCA, 0x65, 0x25, 0x62, 0xD9, 0x98, 0xCD, 0x3E,
    0xF0, 0x9C, 0x6F, 0xC7, 0x6E, 0xB7, 0x66, 0xB9, 0x76, 0xAC, 0x2B, 0xAC, 0x77, 0x7B, 0x9C, 0xE7,
    0x2C, 0x58, 0xC6, 0x77, 0x5D, 0x1E, 0xFC, 0xD0, 0x78, 0xBE, 0x07, 0x5E, 0xBC, 0x3D, 0x3F, 0xDE,
    0x96, 0x27, 0xDB, 0xA7, 0x4B, 0xE7, 0xCD, 0xD6, 0x19, 0x13, 0x3C, 0x9A, 0xFD, 0x26, 0x2E, 0x7B,
    0x2E, 0xCE, 0x99, 0x99, 0xCC, 0xEA, 0x87, 0x0B, 0x9C, 0x79, 0x3A, 0xC0, 0x7F, 0x82, 0x97, 0x29,
    0x16, 0x4C, 0x19, 0x5D, 0x3F, 0x72, 0xB1, 0x55, 0x72, 0x03, 0x91, 0x78, 0x31, 0x82, 0xC8, 0x57,
    0x2B, 0x86, 0x69, 0x14, 0xD5, 0xF9, 0xA6, 0x40, 0xA6, 0x5B, 0x7F, 0xD4, 0x91, 0x38, 0xAD, 0x50,
    0x65, 0x73, 0x2F, 0x68, 0xCE, 0x97, 0xF5, 0x63, 0x2E, 0xAC, 0x5A, 0x54, 0x3B, 0xB7, 0x8B, 0xE5,
    0x4A, 0x57, 0x84, 0x0F, 0x73, 0x59, 0x47, 0xF2, 0xA5, 0xAF, 0x77, 0xC3, 0x75, 0x86, 0x2D, 0x7B,
    0x08, 0x6B, 0x94, 0x3A, 0xEB, 0xE7, 0xFA, 0x61, 0xEE, 0xD4, 0xD5, 0x38, 0xE7, 0xBD, 0x30, 0x0E,
    0x02, 0x1F, 0x2F, 0x95, 0xD2, 0x92, 0xF7, 0x55, 0xE3, 0xFC, 0xCF, 0x98, 0x2D, 0x32, 0xC9, 0x0F,
    0x09, 0xC9, 0xFF, 0xD8, 0x5F, 0x4C, 0xBC, 0x14, 0xEF, 0xD9, 0x1B, 0xC7, 0xF3, 0x39, 0x3C, 0xA4,
    0x5E, 0x16, 0x7B, 0xB0, 0xAF, 0x26, 0x1E, 0x3B, 0x72, 0x9C, 0xD0, 0x49, 0x62, 0x97, 0x1D, 0x21,
    0xBA, 0x14, 0x5E, 0xCD, 0x95, 0xA0, 0x4C, 0xC7, 0xB5, 0x79, 0x1D, 0x94, 0x1B, 0x8D, 0x55, 0x57,
    0x0A, 0xAB, 0x71, 0x46, 0x65, 0x18, 0x92, 0xFF, 0xAE, 0xB2, 0x19, 0x47, 0xC1, 0x55, 0x00, 0x6B,
    0xDB, 0x8F, 0x22, 0x89, 0x4D, 0xB0, 0xC2, 0xAF, 0x01, 0x15, 0xAD, 0x26, 0x7C, 0x41, 0x3E, 0xF1,
    0x24, 0x8A, 0x1C, 0x36, 0xEF, 0xD2, 0xC6, 0xD4, 0x56, 0x80, 0x2D, 0xAD, 0xA6, 0x8E, 0x76, 0xE8,
    0x1B, 0xB6, 0xF4, 0x1C, 0x7F, 0xDC, 0xBD, 0x2D, 0x74, 0x80, 0x72, 0x34, 0x85, 0x9F, 0xB0, 0xA5,
    0x57, 0xF0, 0xF7, 0xEE, 0x0D, 0xF1, 0xA4, 0x03, 0x8E, 0xB6, 0xF8, 0x57, 0x6C, 0xEE, 0x2F, 0xEC,
    0xE7, 0xDD, 0x5B, 0x0C, 0x92, 0x24, 0x4E, 0x1C, 0xED, 0xD1, 0x37, 0x6C, 0xED, 0x05, 0xFE, 0x70,
    0xB6, 0x55, 0xCF, 0xA2, 0x53, 0x72, 0xEA, 0x8D, 0x47, 0xDC, 0xD6, 0x93, 0x5B, 0x6D, 0x0C, 0x79,
    0xEC, 0x41, 0x14, 0xF8, 0x7C, 0x28, 0x79, 0xBF, 0x83, 0x1B, 0xF4, 0x71, 0xA2, 0x7E, 0xBB, 0xED,
    0x8B, 0xBA, 0x6D, 0xA7, 0xFC, 0x1C, 0x88, 0x3B, 0x42, 0xB2, 0xF8, 0x2E, 0x78, 0x51, 0x69, 0x0B,
    0xB2, 0xDB, 0xE0, 0xEE, 0xC9, 0x64, 0x79, 0x87, 0x8D, 0xCE, 0xB5, 0xDD, 0x31, 0xE1, 0x84, 0x1D,
    0x5C, 0xE1, 0xEF, 0x0A, 0x7B, 0x9E, 0x55, 0x4E, 0x19, 0x6E, 0x70, 0x1E, 0xEE, 0xB0, 0x97, 0xBE,
    0xA0, 0xA9, 0x33, 0xA9, 0xCA, 0x45, 0x6E, 0xF5, 0x89, 0x82, 0xDE, 0xA1, 0xA7, 0x39, 0x67, 0xE6,
    0x48, 0x1A, 0xCF, 0xF0, 0x9D, 0xEB, 0xC8, 0xCD, 0x69, 0x87, 0xAC, 0x62, 0xCC, 0x16, 0x3F, 0x2B,
    0x77, 0x61, 0x66, 0x74, 0xAA, 0xC7, 0x94, 0xB9, 0x87, 0x96, 0x9D, 0x8B, 0xDB, 0xAB, 0xA0, 0x7D,
    0x53, 0x98, 0x46, 0xE9, 0x05, 0x33, 0x97, 0xBA, 0xED, 0x9E, 0xEA, 0x11, 0x6D, 0x31, 0xA4, 0x15,
    0x4A, 0x09, 0x3D, 0x0F, 0xC8, 0x36, 0x09, 0x83, 0xD4, 0x75, 0x50, 0x6B, 0x3F, 0x27, 0x20, 0x70,
    0x7C, 0x7D, 0x15, 0xBE, 0xC6, 0xFC, 0xF2, 0x57, 0x66, 0xF6, 0x34, 0x9C, 0x93, 0xD5, 0x5E, 0xE3,
    0x16, 0x0A, 0x3D, 0x9F, 0x2F, 0x1B, 0xE7, 0x9D, 0xCE, 0x09, 0xFD, 0xCF, 0xDA, 0x05, 0x27, 0xAB,
    0xD1, 0xD0, 0x82, 0xBB, 0x31, 0x6B, 0x81, 0x36, 0x6E, 0xE5, 0x75, 0xAD, 0xA9, 0x08, 0xE6, 0xCB,
    0xEC, 0xB6, 0x71, 0xFE, 0x36, 0xC6, 0x8D, 0x5D, 0x60, 0xC5, 0xBB, 0x0D, 0xB2, 0xAE, 0x87, 0x7C,
    0xC7, 0xBB, 0x4C, 0xE2, 0xB9, 0xBC, 0xB3, 0x5F, 0x63, 0xD2, 0x34, 0xD0, 0xA3, 0x81, 0xDE, 0x40,
    0x79, 0x4A, 0x70, 0x8F, 0xDF, 0x80, 0x51, 0x6A, 0x8D, 0xB3, 0x9B, 0x94, 0x9C, 0x64, 0xA6, 0x72,
    0xD7, 0x3C, 0xA7, 0x40, 0x9E, 0xBF, 0x82, 0x82, 0x9F, 0xFA, 0x0D, 0xE7, 0xC4, 0x5B, 0x5B, 0x5B,
    0x26, 0xC1, 0x65, 0x08, 0x6C, 0xF9, 0x2B, 0xC7, 0xD4, 0x43, 0x65, 0x96, 0x62, 0x1A, 0xEF, 0x50,
    0x06, 0x19, 0x0C, 0x66, 0xB2, 0x61, 0x85, 0x64, 0x41, 0x3B, 0x7F, 0x0F, 0x9B, 0xC0, 0x38, 0x98,
    0xC5, 0x11, 0xD0, 0xF8, 0x59, 0xE3, 0x05, 0x3A, 0x3C, 0x09, 0x39, 0xA9, 0xDB, 0xED, 0x5A, 0x19,
    0x6A, 0xBC, 0xF8, 0x14, 0xDC, 0xA2, 0x2B, 0x12, 0xF0, 0xF1, 0xCB, 0x16, 0x6C, 0x62, 0x8B, 0xAC,
    0x0B, 0x6F, 0xCE, 0xCE, 0xCE, 0x9A, 0x54, 0xBF, 0xD9, 0x46, 0x69, 0x8B, 0x2D, 0x7A, 0x02, 0x64,
    0x75, 0x59, 0xB2, 0x13, 0xAD, 0x9D, 0xB3, 0x20, 0x3C, 0x8D, 0xB1, 0xD4, 0x68, 0xE2, 0x41, 0x8F,
    0x13, 0xAA, 0x4E, 0x6F, 0xC5, 0x99, 0x36, 0x67, 0xCE, 0x7D, 0xAE, 0x95, 0x54, 0x1C, 0x69, 0x23,
    0xEF, 0x9F, 0xC2, 0xF8, 0xF3, 0xD3, 0x1E, 0xDC, 0x5F, 0xD0, 0x2B, 0x70, 0x80, 0x2A, 0x6C, 0x7F,
    0x0F, 0x9E, 0x8E, 0xF1, 0x21, 0x3F, 0xF8, 0x99, 0xDA, 0x25, 0x0F, 0x07, 0x9F, 0xFF, 0x00, 0x48,
    0xAB, 0xC9, 0xE5, 0xAB, 0x0F, 0x84, 0x6A, 0xE8, 0x11, 0xA8, 0x5B, 0x95, 0xE9, 0x10, 0xA4, 0xCE,
    0xD6, 0xD5, 0x1F, 0x44, 0x68, 0x52, 0x2D, 0xDD, 0xE1, 0x65, 0x98, 0xCC, 0x41, 0x58, 0x0B, 0xB8,
    0x6A, 0xB7, 0x91, 0x0E, 0xC1, 0x53, 0xA3, 0x2E, 0x40, 0x93, 0xB8, 0x14, 0x60, 0x6C, 0x1A, 0x03,
    0x05, 0x17, 0xE0, 0x81, 0x6B, 0xC7, 0x0F, 0x93, 0x0A, 0xF5, 0x41, 0x38, 0xF1, 0x97, 0x6D, 0x4E,
    0x4A, 0xF0, 0x52, 0x39, 0x43, 0x54, 0x03, 0x8A, 0x60, 0x4B, 0x65, 0xB4, 0xEA, 0xFD, 0x39, 0x48,
    0x52, 0x18, 0x43, 0xF5, 0xC9, 0xB1, 0x1A, 0xD9, 0xC3, 0xB8, 0x03, 0xBE, 0xBB, 0x62, 0x00, 0x90,
    0xE1, 0x6F, 0xC3, 0x2B, 0xEF, 0x30, 0x84, 0xD7, 0x7E, 0x9A, 0xF1, 0xD9, 0x9A, 0x6C, 0xDF, 0x7F,
    0xCA, 0xD0, 0xB8, 0x22, 0x28, 0xF5, 0xC7, 0x50, 0x29, 0x62, 0x90, 0xDE, 0x5C, 0xB2, 0x43, 0x60,
    0x52, 0x0B, 0x4E, 0x78, 0x9C, 0x78, 0x04, 0xFD, 0x55, 0x21, 0x4C, 0xCA, 0x36, 0x2B, 0xB1, 0x68,
    0xE5, 0x6D, 0xCE, 0xF2, 0x26, 0xF1, 0x78, 0x35, 0x47, 0x66, 0x3B, 0x0D, 0xB2, 0x17, 0x51, 0x80,
    0x3F, 0x9F, 0xDE, 0xBE, 0x9A, 0xB4, 0x9A, 0x54, 0x07, 0x47, 0x0F, 0x6C, 0x2C, 0x68, 0xB6, 0xBB,
    0x54, 0x1E, 0x38, 0xA2, 0x8E, 0xC0, 0x78, 0x81, 0x1E, 0xAA, 0x67, 0x8D, 0x19, 0x30, 0xCC, 0x28,
    0x40, 0xEE, 0xF9, 0x2E, 0xF3, 0xD1, 0xAF, 0x94, 0x31, 0xF1, 0x76, 0x83, 0x4A, 0xB0, 0x94, 0xB7,
    0xA2, 0xD4, 0x73, 0x78, 0x7E, 0x07, 0xCF, 0x5A, 0x11, 0x10, 0xE1, 0xAE, 0x02, 0xB9, 0xCC, 0x6B,
    0x7C, 0x21, 0x0A, 0x99, 0x53, 0x27, 0xEF, 0x52, 0xD8, 0x4B, 0x69, 0xB0, 0xA2, 0xE3, 0x0D, 0x50,
    0x65, 0xC7, 0xC1, 0x32, 0x3B, 0x6B, 0x74, 0x47, 0xE1, 0x62, 0xA7, 0x4B, 0xCC, 0x41, 0x53, 0x56,
    0x1C, 0x42, 0x3E, 0xA0, 0x68, 0x86, 0xF9, 0xDB, 0xB4, 0xA1, 0x7D, 0x08, 0xA2, 0x60, 0x9C, 0xB9,
    0x3B, 0x65, 0xCE, 0x03, 0x73, 0xA2, 0xFF, 0xEF, 0xFF, 0xF5, 0xEF, 0xFF, 0x4F, 0x35, 0x09, 0x4A,
    0x09, 0x76, 0x41, 0xCD, 0x05, 0x2C, 0x16, 0xDC, 0x02, 0x87, 0xE3, 0xC5, 0xB0, 0x91, 0xE2, 0x44,
    0x20, 0xEF, 0x18, 0x25, 0xF1, 0x75, 0x1A, 0xD4, 0x86, 0x89, 0xE9, 0x72, 0x1B, 0xE7, 0x84, 0x06,
    0x8A, 0xFF, 0x21, 0x80, 0xA9, 0xB7, 0x5A, 0x22, 0xAC, 0xFD, 0x37, 0x4F, 0xB7, 0x59, 0x9A, 0x5A,
    0xC2, 0x5C, 0x6D, 0x02, 0x8A, 0xD7, 0x36, 0x8C, 0x97, 0xF6, 0x59, 0xCE, 0xA7, 0x5B, 0x25, 0x20,
    0x2B, 0xE9, 0x6C, 0xA5, 0x2E, 0x68, 0xEF, 0x15, 0xAD, 0xB0, 0xF7, 0xB5, 0x4B, 0x66, 0xAE, 0xC6,
    0xA7, 0x92, 0xC3, 0xB5, 0x51, 0x2A, 0x74, 0xAB, 0xFD, 0xE0, 0xFE, 0x0D, 0x7C, 0x39, 0x83, 0x9E,
    0x0F, 0xC2, 0x90, 0x5B, 0x06, 0x73, 0x00, 0x59, 0x8E, 0x51, 0x7A, 0xFF, 0x7A, 0x03, 0xB1, 0x7D,
    0xDB, 0x5D, 0x97, 0xFD, 0x46, 0xE3, 0x22, 0x3F, 0x52, 0x2A, 0x18, 0xDA, 0x63, 0x96, 0xA7, 0xAE,
    0x66, 0x64, 0xCA, 0xF2, 0xFC, 0x0D, 0x68, 0x3B, 0x20, 0x38, 0x83, 0xDE, 0xFB, 0x98, 0xA5, 0xB6,
    0x3B, 0x7F, 0xEC, 0x7B, 0x33, 0x90, 0x43, 0x61, 0x71, 0x65, 0xD9, 0x32, 0x3D, 0xD9, 0xDD, 0x9D,
    0xC2, 0xD7, 0xD5, 0xA8, 0x0B, 0x62, 0xE2, 0xAE, 0xEF, 0x43, 0x91, 0x51, 0x30, 0xFE, 0x04, 0x42,
    0xD8, 0x62, 0x17, 0x76, 0xC7, 0x4E, 0x6E, 0xC6, 0x7C, 0x1F, 0x01, 0x02, 0xD5, 0xE1, 0xD9, 0x7C,
    0x2E, 0xF2, 0x28, 0x65, 0x16, 0xD1, 0x3A, 0x09, 0xC6, 0x71, 0xC2, 0x53, 0x2E, 0x50, 0xBC, 0x59,
    0xC3, 0xCB, 0xFC, 0x04, 0x38, 0xDE, 0x59, 0xE3, 0xDF, 0x8D, 0x22, 0x7F, 0xF1, 0xA9, 0xC1, 0x02,
    0x05, 0xD4, 0x76, 0x1E, 0xEF, 0xFA, 0xE7, 0x18, 0xA1, 0xC3, 0xFA, 0x9B, 0xC7, 0x02, 0xC8, 0x7E,
    0x06, 0x39, 0x1A, 0x24, 0x3F, 0x03, 0xCC, 0x13, 0xFA, 0x91, 0x87, 0x9F, 0xE5, 0x4E, 0x06, 0x12,
    0x86, 0x94, 0xEC, 0xA2, 0xB9, 0x6E, 0x84, 0xCB, 0x9C, 0xEA, 0x36, 0x2C, 0x48, 0x9D, 0xCB, 0x1F,
    0x6C, 0xD0, 0x4C, 0xD5, 0xD3, 0x2C, 0x43, 0x39, 0xFF, 0x84, 0x25, 0xCA, 0x34, 0xEA, 0x6F, 0x1B,
    0xD1, 0xB3, 0xA5, 0x91, 0xBF, 0xDF, 0xEB, 0x0E, 0x8E, 0xBD, 0xBD, 0xEE, 0xD1, 0xC1, 0xEB, 0x7E,
    0xF7, 0x08, 0x24, 0xD1, 0xA3, 0xDC, 0xEC, 0xD1, 0xC3, 0x0B, 0x88, 0xFA, 0xDE, 0xDE, 0xAC, 0x7F,
    0xD0, 0x3D, 0xDE, 0xD7, 0x5E, 0x77, 0xF6, 0x5E, 0xF7, 0xF7, 0xE8, 0x33, 0x54, 0x2D, 0xBE, 0x75,
    0xF6, 0xD0, 0x07, 0xA6, 0xE7, 0xF2, 0xEB, 0x32, 0x2D, 0x1C, 0xC7, 0x9A, 0x65, 0xDF, 0x25, 0x43,
    0x5B, 0x7D, 0x59, 0x0F, 0x4B, 0x5D, 0x5D, 0x74, 0x41, 0xD9, 0x58, 0x6D, 0xB3, 0x3D, 0x75, 0x66,
    0xD8, 0x2E, 0xCF, 0x8F, 0xC6, 0xE1, 0xC5, 0xC7, 0xDC, 0x54, 0x8D, 0x54, 0xE1, 0x3D, 0x21, 0x37,
    0x28, 0x90, 0x36, 0xF7, 0xAC, 0x4B, 0x54, 0x96, 0x3B, 0x8B, 0x44, 0xA0, 0x12, 0xB8, 0xA7, 0xF8,
    0x78, 0xFE, 0x04, 0xB6, 0x10, 0x90, 0x36, 0xBD, 0x74, 0xC5, 0x7F, 0x5C, 0xFB, 0x20, 0xDB, 0x01,
    0xEB, 0x07, 0xCE, 0x32, 0x0E, 0x82, 0xC9, 0xB7, 0x72, 0xB4, 0x8B, 0x49, 0x3D, 0x3C, 0x47, 0x67,
    0xC9, 0x49, 0x2E, 0xDA, 0x8D, 0x95, 0xFB, 0xCD, 0x15, 0x8B, 0x4D, 0x9C, 0x06, 0x44, 0xDE, 0x64,
    0xAB, 0xF1, 0x17, 0xE3, 0x20, 0xAA, 0x3E, 0xC1, 0x12, 0x10, 0x73, 0xF3, 0x69, 0x3E, 0x24, 0x8E,
    0x9A, 0x1C, 0x47, 0x96, 0xB3, 0x15, 0xBB, 0x63, 0x90, 0xC4, 0xC2, 0x98, 0x70, 0xCE, 0xCB, 0xEC,
    0xEE, 0x7A, 0x7F, 0x09, 0x46, 0x1F, 0xE2, 0xF1, 0xA7, 0x20, 0xF3, 0x9E, 0xE5, 0xBE, 0x67, 0xEC,
    0x63, 0x04, 0xEF, 0xAE, 0x53, 0xEF, 0xCC, 0x5B, 0xAC, 0xA2, 0xE8, 0xB4, 0x78, 0x87, 0x22, 0x1A,
    0xBE, 0xFE, 0xBC, 0x96, 0x5E, 0xD2, 0x95, 0xE4, 0xF8, 0xF6, 0xA7, 0x9F, 0xA5, 0xB7, 0x49, 0xC0,
    0x1D, 0xDA, 0x3E, 0x86, 0xF3, 0x00, 0x33, 0x62, 0x19, 0xC0, 0x50, 0xC8, 0x7C, 0x03, 0x0C, 0x1E,
    0x98, 0x3D, 0x96, 0x31, 0x0B, 0xCC, 0x8B, 0x8F, 0x00, 0xE0, 0x19, 0xA5, 0xF1, 0xCA, 0x0B, 0xE5,
    0xA3, 0x40, 0xCD, 0x88, 0xD8, 0xC9, 0x74, 0xC5, 0x38, 0x9E, 0xD7, 0xC2, 0x5B, 0x90, 0x46, 0xB7,
    0x5E, 0x1A, 0x24, 0x98, 0x21, 0xAD, 0x00, 0xC8, 0xEE, 0x65, 0x47, 0x75, 0xEA, 0xCC, 0xCB, 0x92,
    0x55, 0x70, 0xAA, 0x7F, 0x12, 0x27, 0x36, 0xF9, 0x67, 0x9E, 0xA3, 0x74, 0xB5, 0x20, 0xE4, 0x78,
    0x7C, 0x48, 0x2D, 0x29, 0x1A, 0x17, 0x7A, 0xF0, 0x0C, 0xE7, 0xDA, 0x0B, 0x6E, 0xC2, 0x34, 0xC3,
    0x9C, 0xBD, 0x85, 0x23, 0x9F, 0x17, 0x5E, 0x7A, 0xFE, 0xE2, 0x36, 0xCF, 0x19, 0x7E, 0xE9, 0xB5,
    0xAE, 0xD3, 0xB6, 0x1C, 0x3A, 0x79, 0x9D, 0x76, 0x89, 0x52, 0x5A, 0x72, 0xB4, 0xB5, 0x8E, 0xF9,
    0x3C, 0x84, 0x92, 0xB7, 0x86, 0x76, 0x18, 0x00, 0x5B, 0xB4, 0x98, 0xE3, 0x1A, 0xDB, 0xCC, 0x18,
    0xBA, 0xE4, 0x46, 0xF5, 0xB9, 0x50, 0xBA, 0x40, 0xB6, 0x45, 0xFE, 0xC1, 0x2C, 0x29, 0x75, 0xAB,
    0x7C, 0x46, 0xA5, 0x4E, 0x32, 0xC5, 0x81, 0x79, 0x31, 0xB6, 0x2E, 0xFD, 0x28, 0x0D, 0xE4, 0xD4,
    0x1A, 0x8B, 0x14, 0x69, 0xEB, 0xC7, 0x24, 0x82, 0xFA, 0xCD, 0x6B, 0xDC, 0x08, 0x9B, 0xDE, 0x37,
    0xB0, 0x55, 0x2E, 0x26, 0xF1, 0x75, 0x37, 0x8A, 0xC7, 0x34, 0x87, 0xDD, 0x59, 0x9C, 0x66, 0x0B,
    0x1F, 0xA8, 0xE2, 0x1B, 0xAF, 0xB9, 0x7B, 0x9D, 0x36, 0x8B, 0xEC, 0x53, 0x84, 0x1C, 0x50, 0x2A,
    0x73, 0xEA, 0x6D, 0x11, 0xB4, 0xF6, 0x69, 0xA1, 0x79, 0x00, 0x56, 0xE3, 0x05, 0x65, 0x58, 0x3C,
    0xF3, 0x60, 0xAE, 0xCE, 0xCE, 0x95, 0xF1, 0xB2, 0x39, 0x86, 0xA6, 0xA6, 0xAD, 0xE6, 0x4F, 0xF9,
    0xFE, 0xF7, 0xB3, 0x97, 0x3B, 0xE5, 0x35, 0xE5, 0x51, 0x2B, 0x83, 0x41, 0xAA, 0x90, 0x3F, 0x9A,
    0x24, 0x8C, 0xB7, 0x7C, 0x77, 0x17, 0xF1, 0xB5, 0x32, 0xA1, 0xCA, 0xAC, 0x41, 0xB7, 0x26, 0xFA,
    0xA4, 0x15, 0x45, 0x2B, 0xA7, 0x6B, 0x83, 0x09, 0xAB, 0x9E, 0x32, 0x69, 0xD2, 0xA8, 0x97, 0x30,
    0xCC, 0x04, 0x56, 0x39, 0xAE, 0x34, 0xEC, 0xE2, 0x25, 0x08, 0xDF, 0x7C, 0x11, 0xEA, 0x64, 0xC5,
    0x7A, 0x6A, 0x59, 0xA1, 0x6D, 0xD6, 0xBF, 0x57, 0x68, 0xC2, 0x02, 0xAD, 0xD2, 0x5A, 0x44, 0x6A,
    0xDF, 0xBE, 0xC6, 0x61, 0x01, 0xE7, 0x00, 0x8C, 0x09, 0x64, 0x4D, 0xEB, 0xA8, 0xFF, 0x57, 0xFF,
    0x4A, 0xC2, 0xBD, 0xD7, 0x31, 0xA6, 0xE6, 0x9C, 0x2E, 0xF6, 0xD1, 0x50, 0x59, 0x4E, 0xAB, 0x39,
    0x5A, 0x3E, 0x26, 0xB7, 0xB8, 0x6F, 0xE4, 0xD8, 0xC4, 0x0E, 0x14, 0xCC, 0x33, 0x4C, 0x3D, 0x5A,
    0xC3, 0x93, 0x1D, 0xFA, 0x0B, 0x88, 0xDB, 0x41, 0xAD, 0x65, 0x11, 0x13, 0x13, 0x0C, 0xC2, 0x2B,
    0x44, 0x25, 0x1F, 0x67, 0xAA, 0xC2, 0xC6, 0x81, 0x3C, 0x02, 0x8A, 0xFE, 0xF7, 0xFF, 0x1E, 0x69,
    0x36, 0x01, 0x99, 0xE6, 0x16, 0xBB, 0x02, 0x84, 0x74, 0x76, 0x56, 0xB4, 0xD0, 0x7D, 0xF6, 0xFA,
    0xDD, 0x87, 0x17, 0xCF, 0xEB, 0x94, 0x7A, 0xF5, 0xF6, 0x3B, 0x63, 0x88, 0x25, 0x24, 0x5F, 0x0C,
    0x42, 0x8C, 0xC0, 0xCF, 0x30, 0x91, 0x00, 0x71, 0x15, 0x79, 0xC4, 0x20, 0xB7, 0x37, 0x75, 0xC4,
    0xB8, 0x88, 0x75, 0x03, 0xFA, 0x74, 0xD0, 0x28, 0xFA, 0xD9, 0xF3, 0xFA, 0xFC, 0xDB, 0x0E, 0x66,
    0x5A, 0xED, 0xE9, 0x95, 0xD7, 0x5E, 0x00, 0x13, 0xC6, 0xF9, 0xAA, 0x1B, 0x31, 0xEF, 0xDE, 0xBF,
    0x78, 0x6B, 0xC1, 0x8A, 0xB2, 0x03, 0x32, 0xF3, 0x76, 0xEA, 0x11, 0xD7, 0x80, 0xAD, 0xD5, 0x31,
    0x7D, 0x40, 0x58, 0x84, 0x29, 0x3A, 0x0D, 0xCF, 0x7B, 0x5E, 0x1B, 0xDF, 0x6F, 0xE3, 0x02, 0x12,
    0x03, 0x2E, 0x51, 0x8D, 0x0A, 0x93, 0x29, 0x4B, 0x16, 0xA4, 0x5B, 0xB7, 0x8C, 0xDF, 0xC8, 0x7C,
    0xC8, 0x8F, 0xD2, 0xC3, 0x7A, 0x87, 0xAE, 0x98, 0x50, 0xF7, 0xB8, 0x2E, 0xDA, 0x9E, 0x5B, 0x7F,
    0xFA, 0xF0, 0xEE, 0x6D, 0x17, 0x64, 0x68, 0x18, 0x6E, 0x78, 0x79, 0xDB, 0xFA, 0x4C, 0xC6, 0x8D,
    0x13, 0xAF, 0x19, 0x2E, 0xC2, 0xAC, 0xE9, 0xAD, 0xDB, 0x45, 0x9D, 0xB5, 0xCE, 0xE0, 0xD9, 0x44,
    0x6C, 0xC2, 0xE1, 0x9F, 0x87, 0xE9, 0xB8, 0x9A, 0xC9, 0x1B, 0x5C, 0xA0, 0x54, 0x50, 0x29, 0x65,
    0x85, 0x26, 0xDF, 0xAE, 0xCB, 0x17, 0xBD, 0x72, 0xE9, 0xC7, 0x82, 0xE4, 0xAD, 0xE6, 0xCD, 0x40,
    0x2A, 0x1D, 0x95, 0x23, 0x52, 0xE1, 0x87, 0x0B, 0xAF, 0x54, 0x46, 0xC5, 0x2C, 0x1D, 0xAC, 0x9F,
    0x34, 0x77, 0x3C, 0xAC, 0xE6, 0x86, 0x2E, 0x36, 0x13, 0x84, 0x4F, 0xE6, 0x24, 0xAD, 0x85, 0x2C,
    0xB9, 0xD5, 0x70, 0x46, 0xE2, 0xC2, 0x3C, 0x9D, 0x42, 0x15, 0x22, 0x95, 0x25, 0x2C, 0x52, 0x6E,
    0x20, 0xEB, 0xE2, 0xF1, 0xBF, 0x8A, 0x33, 0x66, 0xB7, 0xE2, 0x73, 0xD5, 0x82, 0x6A, 0xF2, 0xE7,
    0x35, 0x88, 0xAF, 0xD9, 0x78, 0x06, 0x4D, 0xB7, 0xCD, 0x46, 0x1C, 0xE3, 0x7A, 0x8F, 0xCD, 0x79,
    0x41, 0x3E, 0xBA, 0xB6, 0x0D, 0xF7, 0x6B, 0x23, 0xA7, 0xBD, 0x90, 0x17, 0x15, 0xBA, 0xCA, 0x49,
    0x4F, 0xC9, 0x3E, 0x8C, 0xE3, 0x0B, 0x50, 0x16, 0x72, 0xDA, 0x25, 0xF5, 0xC0, 0x10, 0x89, 0x72,
    0x83, 0xA8, 0x4B, 0x9A, 0xC3, 0x5B, 0x9F, 0xC8, 0xB2, 0xC9, 0xEC, 0x2D, 0x28, 0x4F, 0x15, 0xAD,
    0x79, 0xDF, 0x7A, 0xCD, 0xA6, 0x07, 0x4B, 0x0A, 0x33, 0xD0, 0xD8, 0xC8, 0x1F, 0x80, 0x84, 0xF0,
    0x36, 0xF9, 0xFE, 0xE3, 0x9B, 0xD7, 0x00, 0x44, 0xAE, 0x78, 0x61, 0x57, 0xAF, 0x4B, 0xC2, 0x4F,
    0x1E, 0xF0, 0xAC, 0x68, 0x83, 0x58, 0x93, 0xED, 0xE3, 0x4C, 0xB6, 0x8E, 0x31, 0xD9, 0x3E, 0xBE,
    0x64, 0xE3, 0xD8, 0x12, 0x43, 0xDD, 0x2E, 0x8D, 0x29, 0xB9, 0x80, 0xB9, 0xFF, 0xED, 0xCF, 0x23,
    0xBF, 0x38, 0x44, 0x9B, 0x46, 0x23, 0x0A, 0x54, 0x0D, 0xE2, 0x74, 0x84, 0xB6, 0x4A, 0x73, 0x78,
    0xD0, 0x3D, 0xC4, 0x33, 0xBF, 0x6E, 0xEF, 0xE0, 0x49, 0xBF, 0xD7, 0x3D, 0xDE, 0xF7, 0xD8, 0xBF,
    0x9C, 0x0E, 0x8E, 0x19, 0x71, 0x54, 0xCC, 0x67, 0x4E, 0x42, 0x06, 0x80, 0x61, 0xB7, 0x7F, 0xD8,
    0x19, 0x74, 0xF7, 0x8E, 0xAB, 0x48, 0xA9, 0x87, 0xF6, 0x9B, 0x61, 0xB7, 0x37, 0x7C, 0xA2, 0x90,
    0x13, 0x80, 0x15, 0x71, 0xD6, 0xD5, 0x74, 0x38, 0xEC, 0x1E, 0xA3, 0xF7, 0x0C, 0xFE, 0xCB, 0xAA,
    0xEF, 0x77, 0xB1, 0xF1, 0xA3, 0xA3, 0xDF, 0x26, 0x39, 0xCA, 0x7B, 0xAD, 0x4E, 0x91, 0x4E, 0x7E,
    0x69, 0xF2, 0x6F, 0x45, 0xD1, 0x66, 0xE7, 0x5A, 0xB4, 0x1F, 0x2B, 0x7A, 0x09, 0xF3, 0x4D, 0x24,
    0xDE, 0x97, 0x67, 0xED, 0xAB, 0xA3, 0x99, 0x59, 0x75, 0xBB, 0xFC, 0x6E, 0x73, 0x72, 0x0B, 0xF6,
    0xB0, 0x17, 0x5D, 0x14, 0x4A, 0x54, 0xA5, 0xD9, 0x87, 0x6D, 0x81, 0x09, 0x29, 0x27, 0x32, 0xF2,
    0xA0, 0x93, 0xDF, 0xD3, 0x18, 0xBC, 0xDC, 0x55, 0xD4, 0x63, 0xC9, 0xF5, 0xC8, 0xA9, 0x82, 0x59,
    0x24, 0x74, 0x55, 0x86, 0x5A, 0xC0, 0x42, 0x86, 0x90, 0x0A, 0x1B, 0x78, 0xBE, 0x19, 0x91, 0x8D,
    0xAC, 0x28, 0xBB, 0x83, 0xBB, 0x62, 0x37, 0x5D, 0x8D, 0x58, 0xCD, 0x53, 0x4D, 0xF4, 0xB2, 0x77,
    0x2A, 0x33, 0x6C, 0x25, 0x25, 0xDD, 0xC2, 0x41, 0xC7, 0x97, 0xD4, 0x4C, 0x61, 0x38, 0x79, 0x04,
    0x92, 0x75, 0x73, 0xB5, 0x98, 0x04, 0x97, 0xB0, 0xEA, 0x60, 0x17, 0xD1, 0x7B, 0x2C, 0x9B, 0x58,
    0x94, 0x9A, 0xA7, 0x0E, 0xD9, 0xD0, 0xD1, 0x96, 0xB0, 0xC4, 0xD4, 0x6B, 0xAF, 0xB0, 0xDB, 0x18,
    0x10, 0xDC, 0xED, 0xB2, 0xD9, 0xFF, 0xE8, 0x8F, 0xFE, 0x9C, 0x5F, 0x2C, 0xD6, 0x92, 0x09, 0x40,
    0x9E, 0x1E, 0x32, 0x7C, 0x19, 0x8D, 0x1B, 0xE6, 0xB0, 0x5C, 0x76, 0x13, 0x55, 0xBA, 0xA0, 0x42,
    0xBF, 0xF0, 0xC7, 0xB3, 0x16, 0x3E, 0x91, 0xB0, 0xC3, 0x2A, 0xFD, 0x84, 0xFF, 0x76, 0x43, 0x90,
    0x30, 0xCE, 0xE8, 0xC5, 0x29, 0x88, 0xBA, 0xF5, 0xA6, 0x90, 0x59, 0xDB, 0x6C, 0x7D, 0x64, 0x5F,
    0x8C, 0x4E, 0xE6, 0xE6, 0xB9, 0xA2, 0x8C, 0xDA, 0x12, 0x53, 0xA2, 0x5C, 0xB5, 0x72, 0xA3, 0x9E,
    0xB5, 0x5F, 0xC0, 0xE6, 0x27, 0x41, 0x92, 0xD3, 0xA8, 0x81, 0xBF, 0x62, 0xD1, 0x22, 0x49, 0x50,
    0xFE, 0x3D, 0xE8, 0xEE, 0x32, 0x89, 0xAF, 0xC2, 0x49, 0x30, 0xB1, 0x8D, 0x82, 0x1F, 0x9D, 0x9B,
    0xB8, 0x26, 0x49, 0x89, 0x7F, 0x7D, 0x51, 0x2A, 0x30, 0x49, 0x27, 0xF0, 0x86, 0xFE, 0x84, 0xCD,
    0xE4, 0x40, 0xDA, 0x05, 0xBC, 0x2E, 0x1E, 0x9B, 0x08, 0xCF, 0x73, 0x86, 0x2B, 0xFE, 0xAD, 0x9C,
    0x70, 0xB1, 0x20, 0xF2, 0x1A, 0x36, 0x4A, 0x47, 0xAF, 0x19, 0xA5, 0x55, 0x77, 0x5A, 0x3A, 0x76,
    0xB7, 0x76, 0x5C, 0xC0, 0x69, 0xE7, 0x10, 0x2D, 0xDD, 0x2E, 0x7A, 0xE3, 0xEE, 0xF9, 0x08, 0x74,
    0xE5, 0x4F, 0xA7, 0x3A, 0x3B, 0xE3, 0x2D, 0x9F, 0xB8, 0x16, 0xC0, 0xAB, 0x09, 0x5A, 0x59, 0x18,
    0xFD, 0x16, 0xEF, 0x7E, 0x36, 0x06, 0xFD, 0x6E, 0xF4, 0x37, 0x34, 0x19, 0x80, 0xEC, 0x10, 0x4E,
    0x17, 0x2D, 0xA3, 0x7C, 0x97, 0x71, 0x20, 0xC6, 0xC0, 0x4C, 0x19, 0x5E, 0x2C, 0xCC, 0x67, 0x48,
    0x4F, 0x45, 0xB5, 0xF6, 0xA6, 0xA3, 0xF1, 0x27, 0x13, 0xF7, 0x50, 0xEC, 0x4B, 0x39, 0xEF, 0x25,
    0x5F, 0x99, 0xE2, 0x51, 0xEB, 0x9F, 0x8D, 0xE8, 0x37, 0xEA, 0x5A, 0x12, 0xCC, 0xE3, 0xAB, 0x52,
    0x44, 0x1B, 0xFD, 0x9B, 0x04, 0x51, 0x00, 0xAB, 0xC8, 0x40, 0xE6, 0x7D, 0x77, 0x0D, 0x74, 0x66,
    0x63, 0x47, 0xFB, 0x2E, 0x8A, 0x47, 0x7E, 0x44, 0xCE, 0x82, 0x62, 0xD7, 0x75, 0x6C, 0x1B, 0x80,
    0x73, 0x74, 0x1A, 0x78, 0x0D, 0x8A, 0x37, 0x91, 0x22, 0xBA, 0x66, 0xA3, 0xD9, 0x8A, 0x79, 0x97,
    0xB3, 0x19, 0x17, 0x20, 0xF0, 0xB5, 0x46, 0xE5, 0xF6, 0x2E, 0xCD, 0x40, 0x6D, 0xCE, 0x46, 0x81,
    0x6F, 0x6E, 0xB5, 0x7F, 0x5A, 0xC1, 0xE2, 0xFA, 0x14, 0x04, 0x4B, 0xBC, 0xA7, 0xE0, 0x2A, 0x70,
    0x83, 0x5A, 0x97, 0x2B, 0x68, 0xDA, 0x1E, 0xA0, 0xC8, 0x1C, 0xDF, 0x03, 0xA3, 0xDA, 0x4D, 0x67,
    0xF1, 0xB5, 0x50, 0x13, 0x71, 0x13, 0x55, 0xD5, 0x37, 0x1E, 0x5A, 0x54, 0x6C, 0x42, 0xCE, 0x45,
    0x6E, 0x09, 0xFA, 0x6A, 0xEA, 0xB6, 0x71, 0x16, 0x2B, 0x5A, 0x03, 0x98, 0x19, 0xA7, 0x6B, 0xC0,
    0x82, 0xAE, 0xD6, 0x00, 0x24, 0xC5, 0xA1, 0x34, 0x65, 0x06, 0x8E, 0x24, 0xA9, 0x8E, 0xAD, 0xAD,
    0x8D, 0xB5, 0x4B, 0xA2, 0x7C, 0x97, 0x7B, 0x39, 0x40, 0x1B, 0xEA, 0x76, 0x2C, 0x34, 0x4F, 0xD4,
    0x0E, 0x0A, 0x0B, 0x3E, 0x51, 0xBA, 0x3C, 0xC8, 0xB6, 0x3A, 0xE6, 0xAD, 0x81, 0x3E, 0x52, 0x0B,
    0x02, 0xAF, 0x2A, 0xC6, 0xDF, 0x96, 0x7E, 0x1B, 0x0D, 0xE4, 0xB0, 0xAC, 0xF3, 0x8E, 0x3B, 0x97,
    0x6B, 0xCE, 0xDF, 0x65, 0x7E, 0xDD, 0xF9, 0xA6, 0xD8, 0x32, 0xEB, 0x5C, 0x57, 0x00, 0x51, 0x83,
    0x87, 0x6D, 0x73, 0x5C, 0x01, 0x80, 0xFB, 0x08, 0xBA, 0xE6, 0x16, 0x6A, 0xB7, 0xA5, 0xF1, 0x38,
    0xD0, 0x8F, 0x58, 0xA8, 0x9A, 0x4F, 0x82, 0x94, 0xFF, 0xDC, 0x0A, 0xD0, 0xA3, 0xA2, 0x10, 0x9B,
    0x3F, 0x82, 0xC9, 0xFE, 0xBA, 0xE7, 0xCD, 0xBE, 0xB8, 0xD1, 0xC0, 0xC8, 0x8E, 0x92, 0x5B, 0x8C,
    0x5B, 0xEE, 0x78, 0xEC, 0x50, 0x77, 0x87, 0x22, 0x47, 0x48, 0x70, 0xD3, 0x6C, 0x31, 0xC2, 0x6C,
    0x78, 0x21, 0x1B, 0x81, 0x3E, 0xF0, 0x13, 0x1B, 0x9F, 0xE7, 0x37, 0xFD, 0xEA, 0x33, 0xFB, 0xB5,
    0xA6, 0x03, 0x12, 0x04, 0x8D, 0xEF, 0x58, 0x13, 0xEB, 0x0B, 0x06, 0xBC, 0x7D, 0xAA, 0x9E, 0xFA,
    0xE1, 0x68, 0x36, 0xB2, 0x51, 0x57, 0x19, 0x48, 0x59, 0x17, 0x80, 0xA7, 0x5A, 0x87, 0xA6, 0x18,
    0x4E, 0x5D, 0xF8, 0x31, 0x36, 0x0B, 0xDD, 0x2E, 0x55, 0xE8, 0x30, 0x25, 0xD4, 0x25, 0x45, 0x25,
    0xCB, 0x39, 0xD3, 0xBD, 0x59, 0x36, 0xA7, 0x23, 0x3E, 0x7D, 0x5D, 0x05, 0xD1, 0x32, 0x48, 0xF0,
    0x70, 0x21, 0x8D, 0x13, 0x71, 0xA2, 0x3C, 0xBA, 0xF5, 0x58, 0x52, 0x71, 0xAF, 0xE5, 0xA7, 0x63,
    0x86, 0xEE, 0xB6, 0xB6, 0xE0, 0xA0, 0xF4, 0xD3, 0xDB, 0xBF, 0xB0, 0x52, 0x67, 0x1E, 0xCD, 0xE8,
    0xEB, 0x30, 0x35, 0x4C, 0x88, 0x49, 0x90, 0xAD, 0x92, 0x85, 0xF7, 0x53, 0xB7, 0xDB, 0x15, 0x45,
    0x7E, 0xEE, 0x62, 0xE5, 0x56, 0xCB, 0xDF, 0xF1, 0x46, 0x54, 0xBC, 0xE5, 0x77, 0x79, 0x73, 0xB0,
    0x09, 0xF5, 0xF0, 0xB4, 0xA8, 0x35, 0x52, 0xDE, 0xD8, 0x4D, 0x98, 0x74, 0x12, 0xE4, 0x8F, 0x3F,
    0x61, 0xB6, 0x6A, 0xD0, 0x0C, 0x59, 0xD7, 0xD1, 0x51, 0x2D, 0x5C, 0x68, 0x62, 0x39, 0xEB, 0x32,
    0xBD, 0x0B, 0x26, 0xCF, 0x68, 0x82, 0xC4, 0xB1, 0xE5, 0x87, 0x20, 0x93, 0x76, 0x65, 0x56, 0x2D,
    0xD7, 0x12, 0xA6, 0xD8, 0x3B, 0xB1, 0xB7, 0x17, 0xAF, 0x43, 0x52, 0x1D, 0x54, 0x70, 0x5D, 0xD8,
    0x6B, 0xE1, 0x43, 0xBB, 0xDD, 0x56, 0x7B, 0xF8, 0x03, 0x4D, 0xAA, 0x28, 0xCC, 0x3B, 0x79, 0x19,
    0x26, 0x69, 0xE6, 0x6A, 0x13, 0x1F, 0x35, 0x24, 0xE2, 0xA6, 0x9F, 0x1F, 0xF7, 0xC3, 0xE8, 0xB2,
    0x59, 0x98, 0xB2, 0x7A, 0x4C, 0xD5, 0xC6, 0x99, 0xCB, 0xE7, 0x4C, 0x35, 0x10, 0xF3, 0x61, 0x3F,
    0xE3, 0xAA, 0x11, 0x3D, 0x88, 0x01, 0xC9, 0x1B, 0x74, 0x77, 0xEE, 0x2F, 0xF9, 0xB2, 0xC4, 0xC6,
    0x0B, 0xAD, 0x08, 0x25, 0x4A, 0xA5, 0x20, 0x8B, 0xE4, 0x6A, 0x3D, 0x8D, 0x61, 0x71, 0xFA, 0x0B,
    0x59, 0x62, 0x28, 0x28, 0x23, 0x98, 0x7C, 0x27, 0xB7, 0x2A, 0x13, 0x4B, 0xAB, 0xE8, 0x8F, 0xAA,
    0x9D, 0x10, 0x81, 0x7E, 0x73, 0xE6, 0x5D, 0x28, 0x19, 0x79, 0x98, 0xA5, 0x55, 0xF8, 0xA1, 0x7E,
    0xF5, 0x99, 0x0D, 0x80, 0x1E, 0xD7, 0xCC, 0x48, 0x76, 0x71, 0x6A, 0xC2, 0x68, 0xCA, 0x30, 0x30,
    0x71, 0x75, 0xE3, 0xBC, 0x29, 0x15, 0xD3, 0xBB, 0x68, 0xAA, 0x85, 0x8A, 0x15, 0x9B, 0x03, 0x65,
    0xEB, 0x93, 0xE4, 0x60, 0xF5, 0xAA, 0x24, 0x4F, 0xD5, 0x16, 0x8B, 0x4E, 0x50, 0xFF, 0x8A, 0x86,
    0xD7, 0x76, 0xDA, 0x58, 0x2D, 0x54, 0xEA, 0x68, 0x01, 0x17, 0xC3, 0xBB, 0x3D, 0xF8, 0x74, 0x5F,
    0x7A, 0x8B, 0x58, 0xE8, 0x7F, 0x5C, 0xEF, 0xD6, 0xD6, 0x62, 0x0E, 0x40, 0xE0, 0x9B, 0x4B, 0xFC,
    0xE4, 0x45, 0x9C, 0x32, 0x89, 0xBF, 0x2D, 0xE6, 0x6D, 0x8C, 0xE3, 0x7B, 0xA4, 0x11, 0xEF, 0xCC,
    0x87, 0x62, 0x5D, 0x24, 0xDF, 0x53, 0x73, 0x99, 0x07, 0x93, 0x1F, 0xF5, 0x06, 0x94, 0x09, 0x55,
    0x9B, 0x37, 0x76, 0x35, 0x0B, 0x04, 0x90, 0x44, 0x17, 0xD3, 0x6C, 0xE6, 0x9D, 0x7B, 0xEA, 0x09,
    0x30, 0xE0, 0xE4, 0xDD, 0x22, 0xBA, 0xF5, 0x68, 0x9F, 0x6F, 0xBC, 0xCB, 0x66, 0x98, 0x36, 0x36,
    0xCD, 0x1D, 0x29, 0xD0, 0x6E, 0x03, 0x20, 0x39, 0x2E, 0x70, 0xA5, 0x73, 0x7C, 0xA8, 0x47, 0x3F,
    0x7C, 0x41, 0x39, 0xDA, 0x70, 0x10, 0x89, 0x46, 0x68, 0xD4, 0xB6, 0x3E, 0x7F, 0x8A, 0xC4, 0xBE,
    0x11, 0xA9, 0x69, 0xC3, 0x37, 0xAD, 0x10, 0x4E, 0x1A, 0xAB, 0x4B, 0x5A, 0x05, 0xD2, 0xF3, 0x0D,
    0x40, 0x39, 0x46, 0xC0, 0x9A, 0xC5, 0x1E, 0xB8, 0x08, 0xB3, 0x10, 0x64, 0xF4, 0x5F, 0x48, 0xAB,
    0x4B, 0x5B, 0x6D, 0xE7, 0x9E, 0x0D, 0xBB, 0x0B, 0x16, 0xF9, 0x00, 0x45, 0xE9, 0x52, 0x95, 0x16,
    0x53, 0x16, 0x8D, 0xAD, 0x09, 0xA3, 0xB0, 0xFE, 0x81, 0x9D, 0x56, 0xC0, 0xE7, 0x2E, 0x7B, 0x04,
    0xDE, 0xDD, 0x3F, 0x35, 0xCB, 0xFD, 0x55, 0x2D, 0xF7, 0x57, 0xB5, 0x1C, 0xEE, 0x55, 0x24, 0x58,
    0x88, 0xCD, 0x4A, 0x16, 0x90, 0x10, 0xEA, 0xB9, 0xD7, 0x6F, 0xF3, 0x12, 0xC8, 0x2D, 0xCC, 0xC4,
    0xF7, 0x5F, 0x7D, 0xA6, 0x82, 0xEB, 0xD3, 0x0B, 0xA3, 0xF6, 0x5F, 0xAD, 0xB5, 0x8B, 0xA4, 0xF6,
    0xAC, 0xEA, 0x5F, 0xE5, 0xAA, 0x7C, 0x03, 0xA3, 0x2A, 0xA7, 0xE5, 0x5B, 0x77, 0x31, 0x6D, 0x3A,
    0x7A, 0x3E, 0x7B, 0x21, 0x88, 0x04, 0x28, 0x2A, 0xEC, 0xF0, 0xA1, 0x7B, 0x6B, 0x61, 0x6A, 0x32,
    0x11, 0xF4, 0x81, 0x0F, 0xDF, 0x85, 0x7C, 0x8B, 0x55, 0xD4, 0x61, 0x11, 0x45, 0x23, 0xAC, 0xAA,
    0xA6, 0xF1, 0xE1, 0x5C, 0x94, 0xFB, 0xFD, 0xF3, 0x58, 0x5E, 0x74, 0x77, 0xFB, 0xEA, 0x73, 0x38,
    0x59, 0xE7, 0x87, 0x04, 0x0C, 0x41, 0xD4, 0x9B, 0x75, 0xE3, 0x5C, 0xF5, 0xC4, 0x46, 0xD5, 0x0D,
    0x2F, 0x62, 0x0D, 0xC7, 0x7E, 0x16, 0x27, 0x4E, 0xF7, 0x66, 0x47, 0x88, 0x01, 0x48, 0x6C, 0x8C,
    0x26, 0xD8, 0x3A, 0x47, 0x75, 0xF4, 0xCF, 0xC8, 0xBF, 0x9A, 0x6B, 0x37, 0x9C, 0xAA, 0xB0, 0x33,
    0x1C, 0x3E, 0x8F, 0xA5, 0x28, 0xE0, 0xB3, 0x5B, 0x5F, 0x50, 0xAE, 0x58, 0x57, 0xF8, 0x3E, 0xCB,
    0x50, 0x56, 0xB0, 0x64, 0x24, 0x20, 0xF8, 0xC8, 0x54, 0xE6, 0xF5, 0x46, 0xF1, 0x8B, 0xC5, 0x28,
    0x91, 0x64, 0xF0, 0x48, 0x4F, 0xCF, 0x3F, 0xD7, 0x61, 0x5F, 0xD4, 0x82, 0x6B, 0x19, 0x3F, 0xF4,
    0xFD, 0x8C, 0x0C, 0xB1, 0xCB, 0x26, 0xCA, 0xEE, 0xFF, 0xED, 0x3F, 0xFE, 0x67, 0x12, 0xDF, 0xFF,
    0xDB, 0x7F, 0xFC, 0x7B, 0x73, 0xAD, 0xD5, 0xFC, 0xB3, 0x18, 0x6D, 0x53, 0x20, 0x12, 0x0F, 0xA0,
    0xE0, 0xA1, 0xCA, 0x45, 0xFB, 0x42, 0xD9, 0x9C, 0x0B, 0x72, 0x5A, 0xA5, 0x2A, 0x41, 0x31, 0xB2,
    0xC5, 0x33, 0xA9, 0x37, 0xFE, 0x12, 0x65, 0x78, 0xEF, 0x3A, 0xBC, 0x0C, 0xA1, 0x89, 0xFF, 0xFE,
    0x5F, 0xFF, 0xFE, 0xFF, 0xA2, 0x3C, 0x8C, 0x27, 0xE5, 0xD8, 0xB9, 0xFF, 0xF3, 0xEF, 0xEC, 0x3C,
    0x1A, 0x0F, 0x99, 0xE0, 0xE9, 0x7F, 0x83, 0x27, 0xEE, 0x57, 0x89, 0xCF, 0xFF, 0xE5, 0xFF, 0x82,
    0x67, 0x34, 0x4B, 0xE0, 0xC3, 0x7F, 0xF8, 0xFF, 0xE0, 0x61, 0x19, 0x5F, 0x07, 0x54, 0xF4, 0xBF,
    0xFC, 0xDF, 0xF0, 0x94, 0xDE, 0x2E, 0xC6, 0x04, 0xF4, 0x7F, 0xFD, 0x0F, 0x4D, 0x72, 0xD1, 0x58,
    0x4D, 0xF0, 0xDB, 0xFF, 0xF1, 0x3F, 0xC3, 0x13, 0x5E, 0x6E, 0xC7, 0xBE, 0xFD, 0x2F, 0xF0, 0xB4,
    0x5A, 0x14, 0xCF, 0x7F, 0x6F, 0x7A, 0xEB, 0xD3, 0xDF, 0x2B, 0xF9, 0xF3, 0xE3, 0xE5, 0x75, 0x35,
    0x20, 0x1E, 0x88, 0x6B, 0x8B, 0xE8, 0x71, 0x14, 0x25, 0x5F, 0x6C, 0x69, 0x49, 0x24, 0x21, 0x3A,
    0xE3, 0x62, 0xAB, 0xDC, 0x73, 0xBD, 0xB9, 0xB6, 0x07, 0x03, 0xE6, 0x75, 0x08, 0xC2, 0xB7, 0x5E,
    0x8B, 0xCF, 0xFC, 0x4F, 0xD2, 0xEB, 0x9F, 0x11, 0x90, 0xF4, 0xDC, 0x26, 0xE2, 0xFC, 0xDF, 0xFF,
    0x93, 0x4E, 0x74, 0xEE, 0x65, 0x62, 0x1F, 0x9E, 0x79, 0x9B, 0x44, 0x69, 0x79, 0x1E, 0x82, 0x95,
    0xF7, 0x98, 0x5D, 0x53, 0x55, 0x8D, 0x59, 0x07, 0x38, 0x6E, 0x28, 0x93, 0x00, 0x2A, 0xA6, 0x33,
    0x27, 0xB0, 0xFA, 0x51, 0x1E, 0xF5, 0x16, 0xE1, 0x78, 0xE6, 0x27, 0x99, 0x6D, 0x0D, 0xD2, 0x87,
    0x27, 0x37, 0x61, 0xFA, 0x9C, 0x69, 0xD3, 0xB8, 0x7D, 0xC8, 0xAF, 0xA4, 0xED, 0xE3, 0xB7, 0xBA,
    0x20, 0xB0, 0xBB, 0xCE, 0x30, 0xF6, 0x9A, 0xF7, 0x1B, 0x04, 0x8B, 0x49, 0x35, 0x89, 0x48, 0x4B,
    0x2F, 0x8F, 0xCB, 0x91, 0xEF, 0x3C, 0x5A, 0x26, 0xF6, 0x35, 0x49, 0x08, 0x6D, 0xAE, 0x4F, 0xBC,
    0x7A, 0xA4, 0xC3, 0x06, 0xA4, 0xEF, 0x40, 0x88, 0x4B, 0x49, 0x3C, 0x85, 0x55, 0x24, 0x7D, 0xF8,
    0xC9, 0x52, 0xA8, 0xE3, 0xF5, 0x7F, 0x86, 0x35, 0xD4, 0x5B, 0x6F, 0xD2, 0x6A, 0xD9, 0x8E, 0xB5,
    0x09, 0xA5, 0x56, 0x27, 0xD8, 0xB0, 0x5D, 0x2F, 0xA1, 0xDE, 0xF6, 0x85, 0x17, 0x4D, 0x38, 0x26,
    0x45, 0x09, 0x13, 0xA7, 0x8E, 0xA3, 0x2C, 0xD3, 0x19, 0xF9, 0x13, 0x65, 0xAD, 0xD1, 0xA7, 0x8F,
    0xF0, 0x85, 0xC6, 0x80, 0x3E, 0x06, 0x4D, 0xF7, 0xF6, 0x6D, 0x43, 0x47, 0x44, 0x49, 0x84, 0xEC,
    0xEE, 0x16, 0x6A, 0x68, 0x96, 0x94, 0xD0, 0xF6, 0x00, 0xBB, 0xCD, 0xD0, 0xE2, 0xBD, 0x06, 0x00,
    0x77, 0x5F, 0xE3, 0xC8, 0x41, 0xB9, 0xB4, 0x88, 0xDD, 0x7A, 0x1D, 0x4C, 0xD1, 0xAA, 0xC4, 0x57,
    0xE6, 0xBA, 0x7A, 0x71, 0xE0, 0xD5, 0x43, 0xCB, 0xA0, 0x32, 0x24, 0x8D, 0x15, 0xBE, 0xED, 0xF8,
    0xB0, 0xF6, 0x4B, 0x10, 0x8F, 0xF8, 0x95, 0x59, 0x44, 0x77, 0xEE, 0xDF, 0xBC, 0x46, 0x36, 0x59,
    0x8A, 0x5B, 0x7B, 0xCD, 0x70, 0xB2, 0x75, 0xCD, 0x45, 0x45, 0xCD, 0x3A, 0x9B, 0x04, 0x1B, 0x71,
    0x49, 0x22, 0x03, 0xDD, 0x8D, 0x86, 0x55, 0x80, 0x17, 0x9A, 0x23, 0x4D, 0xBF, 0xD7, 0xF3, 0x0E,
    0x7B, 0x0D, 0x64, 0x01, 0x74, 0xA2, 0xF2, 0x24, 0x5D, 0x82, 0x6E, 0xF8, 0x03, 0x9E, 0xCF, 0x73,
    0xC7, 0x1A, 0x2B, 0x68, 0xEC, 0x4D, 0x70, 0x99, 0x3A, 0xBE, 0x69, 0xD3, 0xFE, 0x1D, 0x5E, 0xB7,
    0x08, 0x0B, 0x25, 0x6D, 0xA1, 0x5E, 0xE0, 0x9A, 0xFD, 0x7C, 0xF0, 0x6E, 0xB8, 0x0A, 0x54, 0x7E,
    0xF0, 0x58, 0x09, 0xD3, 0x15, 0x48, 0x5F, 0x1F, 0xCD, 0x37, 0x25, 0x84, 0xA5, 0x4F, 0x2F, 0x23,
    0xA8, 0x94, 0x0C, 0x4C, 0x11, 0x6A, 0xBB, 0x17, 0x82, 0x0C, 0xF2, 0x19, 0xBF, 0x68, 0x77, 0xF1,
    0x2A, 0xA5, 0x56, 0xB3, 0xD9, 0x5E, 0x3F, 0xFC, 0x06, 0xCA, 0x22, 0x75, 0x7E, 0xBF, 0x6A, 0xD1,
    0x53, 0xD6, 0xFF, 0x75, 0xAD, 0x64, 0x13, 0x22, 0x84, 0xA9, 0x42, 0xD6, 0x53, 0x53, 0x50, 0x70,
    0x2B, 0x7D, 0x93, 0x06, 0x09, 0x22, 0x75, 0x93, 0xBE, 0x35, 0xDB, 0x8D, 0x42, 0xFC, 0x63, 0xE7,
    0x02, 0x85, 0x37, 0x23, 0xEC, 0x0B, 0xF4, 0xA2, 0xB9, 0xB6, 0x10, 0x85, 0x2E, 0x34, 0xE6, 0x14,
    0x20, 0xBD, 0xCE, 0x69, 0xC1, 0xA6, 0x9E, 0x28, 0x40, 0x0A, 0x39, 0xEE, 0x19, 0x75, 0x6B, 0xBD,
    0x75, 0xF2, 0x07, 0x1B, 0x75, 0xC0, 0xD6, 0xF2, 0xE9, 0xF7, 0x4B, 0x1B, 0xAF, 0xB1, 0xF7, 0x2E,
    0xCA, 0x10, 0x11, 0xAF, 0x85, 0x4C, 0x90, 0x30, 0x3C, 0xFE, 0x01, 0x29, 0x40, 0x04, 0xA4, 0x16,
    0x50, 0xE9, 0x05, 0x15, 0x60, 0x41, 0xAA, 0x58, 0x6A, 0x43, 0xB2, 0x52, 0x9A, 0x12, 0xB4, 0x52,
    0x24, 0xD7, 0x22, 0xBF, 0x61, 0x60, 0xB4, 0xF8, 0xF7, 0x79, 0x70, 0xE9, 0xAF, 0xA2, 0xAC, 0xD5,
    0x6E, 0x7C, 0x51, 0x1A, 0x7A, 0x87, 0x11, 0x06, 0x0C, 0x6D, 0x5F, 0x36, 0xD5, 0x8A, 0xE4, 0x52,
    0x78, 0xE4, 0xF5, 0xF7, 0xAE, 0x0E, 0xCA, 0xD3, 0x70, 0xFD, 0xB9, 0x88, 0x4F, 0xED, 0x7B, 0xF0,
    0x3C, 0x3B, 0xC8, 0xDD, 0x05, 0x2D, 0x09, 0x27, 0x87, 0xDE, 0x9E, 0x47, 0x57, 0x0F, 0xC0, 0x3F,
    0xEA, 0xCD, 0x31, 0x92, 0x13, 0x67, 0x8F, 0x7B, 0x71, 0xF2, 0xAB, 0x2F, 0x06, 0x7D, 0x3D, 0xD7,
    0x96, 0x2B, 0xD3, 0xBE, 0xBF, 0xD5, 0xCA, 0x42, 0xD7, 0x40, 0x4C, 0xFE, 0xF0, 0xFB, 0x5D, 0x5D,
    0x1F, 0xC5, 0x08, 0xCA, 0x74, 0x72, 0xDE, 0xB1, 0x7A, 0x02, 0xB0, 0xCB, 0x5C, 0x65, 0xA6, 0xB8,
    0xEA, 0x77, 0x07, 0x78, 0xF5, 0x2F, 0xBF, 0x85, 0xED, 0x97, 0x0E, 0x17, 0xC4, 0x3B, 0x0C, 0x1D,
    0x16, 0xF3, 0x56, 0xF3, 0x6D, 0x9C, 0xA1, 0xC7, 0xE2, 0x86, 0x16, 0xAA, 0x4D, 0xF6, 0x0F, 0x72,
    0x23, 0x91, 0x37, 0x8F, 0x29, 0x8B, 0x70, 0x40, 0x1C, 0x89, 0xDD, 0xE3, 0x8B, 0xA7, 0x30, 0x2A,
    0xB9, 0xFC, 0x87, 0xA5, 0xA2, 0xE3, 0x1E, 0xB3, 0x52, 0x5A, 0x23, 0xED, 0x4E, 0x9A, 0x81, 0x71,
    0x27, 0x8D, 0xB4, 0x56, 0x61, 0x11, 0xA2, 0xF3, 0xEF, 0x9E, 0x47, 0xFF, 0x70, 0xD7, 0x5F, 0x4A,
    0x78, 0xA7, 0xBE, 0xEC, 0xD8, 0x5F, 0x76, 0xCC, 0x97, 0x1E, 0xBE, 0x2C, 0x02, 0xC7, 0x5D, 0xD2,
    0x99, 0x85, 0x77, 0xE1, 0xA1, 0xE0, 0x53, 0x4A, 0xC2, 0x91, 0x78, 0x05, 0x6D, 0xDE, 0xEB, 0x76,
    0x68, 0xBA, 0xA0, 0xFD, 0x9E, 0x16, 0x2C, 0x3A, 0x19, 0x3B, 0x17, 0xAB, 0x9C, 0xBD, 0xA5, 0xD8,
    0x46, 0x80, 0x94, 0x57, 0x13, 0xE6, 0xA4, 0xFC, 0x2D, 0x1B, 0x3E, 0xF2, 0xAD, 0x0E, 0x46, 0xC2,
    0x46, 0x4C, 0xD2, 0x21, 0x98, 0xF9, 0x4E, 0xC8, 0xFB, 0x9C, 0x67, 0x23, 0xA3, 0x67, 0x3E, 0x64,
    0x5A, 0x8B, 0x12, 0xF0, 0x2B, 0xC9, 0x18, 0xDB, 0x90, 0xF2, 0xBB, 0xB0, 0xBF, 0xD8, 0xD9, 0x42,
    0xE6, 0xC2, 0x33, 0x5E, 0x56, 0x41, 0x16, 0xBB, 0x40, 0x57, 0xC2, 0xBD, 0x6F, 0x8E, 0xF7, 0x8E,
    0xCA, 0x2F, 0xD7, 0x0D, 0xBE, 0xE7, 0x49, 0x45, 0xFD, 0x1B, 0x2A, 0xEA, 0xDF, 0xC8, 0x45, 0xFD,
    0x9B, 0xBC, 0xE8, 0xD6, 0x4C, 0xFC, 0xF7, 0xCD, 0xC0, 0x6B, 0xD1, 0x03, 0x0E, 0xD3, 0x39, 0xC5,
    0x44, 0x10, 0xB5, 0xA6, 0x58, 0x27, 0xAB, 0x0F, 0x94, 0x9A, 0x20, 0x45, 0xCA, 0x4A, 0xB3, 0x60,
    0x89, 0x2E, 0xFC, 0x4D, 0x3E, 0x6F, 0x3A, 0x35, 0x60, 0x57, 0xED, 0xD4, 0xB0, 0x9D, 0x58, 0xCB,
    0x23, 0xB9, 0x6D, 0x86, 0xC3, 0x99, 0x9F, 0xBE, 0xE6, 0x9F, 0x8B, 0xA3, 0x39, 0x4C, 0xF0, 0x97,
    0x41, 0x97, 0xC9, 0xE5, 0xBB, 0x27, 0x59, 0x74, 0xA3, 0x78, 0x31, 0x95, 0xBE, 0xFC, 0x6E, 0xCD,
    0xEB, 0x62, 0xC8, 0xDB, 0x6D, 0xE6, 0xA7, 0xB4, 0x33, 0x5F, 0xFA, 0xF3, 0x30, 0xBA, 0x3D, 0x69,
    0xFE, 0x29, 0xC8, 0x9E, 0x26, 0x7E, 0xB8, 0x48, 0xF1, 0xE6, 0xD6, 0xB8, 0xB9, 0x33, 0x87, 0x7F,
    0xC9, 0x92, 0x78, 0x2A, 0xE7, 0xA8, 0x3C, 0xA2, 0x0D, 0xDC, 0xA5, 0x60, 0x23, 0x3A, 0x60, 0x96,
    0xB4, 0x8D, 0x5D, 0x8D, 0xCE, 0x31, 0x53, 0x5B, 0x3A, 0x54, 0x70, 0x79, 0x4A, 0x81, 0x09, 0xBC,
    0xF6, 0xB3, 0x13, 0x79, 0x03, 0x61, 0x53, 0xDB, 0xCD, 0xE2, 0x97, 0xE1, 0x4D, 0x30, 0x69, 0x1D,
    0xB4, 0xD7, 0x8F, 0x47, 0xC9, 0xF9, 0x6B, 0xE6, 0x4D, 0xA5, 0xCF, 0xB3, 0x5C, 0x8C, 0x58, 0x47,
    0x2E, 0x58, 0xDC, 0xCD, 0x10, 0xA6, 0x8C, 0x9A, 0x0E, 0x86, 0xB4, 0x31, 0xCB, 0xD9, 0x9A, 0x94,
    0xDC, 0x9E, 0xFC, 0xDC, 0xA8, 0xAD, 0x60, 0xF7, 0x10, 0xB1, 0xAB, 0xD9, 0x1D, 0xD1, 0x38, 0x29,
    0xEE, 0xA2, 0xC7, 0xDF, 0x23, 0x7F, 0xFC, 0x69, 0x4A, 0xF7, 0x35, 0xAB, 0x90, 0x3A, 0xD3, 0x28,
    0xBE, 0x6E, 0x9F, 0x8E, 0xE2, 0x04, 0x93, 0xA2, 0xA2, 0x71, 0x66, 0x95, 0xCA, 0xC6, 0xBF, 0xD2,
    0xAE, 0xCF, 0xFD, 0xC5, 0xCA, 0x8F, 0xCA, 0xFA, 0x5E, 0x53, 0x16, 0x74, 0x12, 0xDC, 0x91, 0xD3,
    0x7A, 0x2A, 0xF3, 0xAC, 0xC5, 0x6A, 0x3E, 0x22, 0x87, 0x09, 0xE2, 0x2C, 0xFE, 0xE2, 0x56, 0x4B,
    0x83, 0xF9, 0x9A, 0x4F, 0x7B, 0x23, 0xEF, 0x39, 0x10, 0x82, 0xE8, 0xB6, 0x10, 0xC6, 0x18, 0x97,
    0x53, 0x13, 0x18, 0xF7, 0x7A, 0x5F, 0x9B, 0x8C, 0x2E, 0xE7, 0x0F, 0x9C, 0xD7, 0xDD, 0x43, 0xFF,
    0x04, 0xC1, 0x49, 0x1D, 0x8C, 0x17, 0xDB, 0x77, 0x30, 0xE7, 0x53, 0xEE, 0x1E, 0x3A, 0x2D, 0x5E,
    0x8E, 0xCC, 0x32, 0x2C, 0xBA, 0x51, 0xBD, 0x82, 0xEE, 0x0D, 0x4D, 0xBF, 0x58, 0x6D, 0x85, 0xD8,
    0x6B, 0xE9, 0x63, 0xA5, 0x4D, 0xF2, 0xFE, 0x75, 0xCC, 0x8A, 0x9B, 0xD6, 0x76, 0x9D, 0xE2, 0x26,
    0xE6, 0xD5, 0xC4, 0x4C, 0x34, 0xB0, 0x24, 0xC2, 0x05, 0xF0, 0xDE, 0xD4, 0x86, 0xBD, 0x0D, 0x32,
    0x77, 0x6F, 0x93, 0xA7, 0xFB, 0xEE, 0xDA, 0x88, 0x39, 0x2D, 0x5F, 0x7E, 0x0E, 0x6C, 0xFA, 0x08,
    0x0B, 0xE0, 0xDB, 0x43, 0xFC, 0x2B, 0xAA, 0x45, 0xBF, 0x7B, 0xF8, 0xAC, 0x7F, 0x88, 0xEA, 0xC1,
    0xA1, 0x87, 0x97, 0x9C, 0xEF, 0xD1, 0xBF, 0x3D, 0xFF, 0xC8, 0x3B, 0x22, 0x55, 0xA1, 0xD7, 0xC1,
    0x70, 0xC5, 0x71, 0x0F, 0x35, 0xFB, 0xEE, 0x21, 0xC6, 0x0D, 0xE2, 0xCD, 0x12, 0x50, 0xEB, 0x97,
    0xD2, 0xA9, 0x74, 0xE8, 0x0E, 0xC5, 0x16, 0xB8, 0xC1, 0xE4, 0x6E, 0x94, 0x77, 0x89, 0x5D, 0xF5,
    0xED, 0x5C, 0x22, 0xB4, 0x1B, 0x8B, 0x04, 0xBD, 0x8C, 0x8F, 0x46, 0xB7, 0xBF, 0xC6, 0x32, 0x91,
    0xE7, 0xA0, 0x37, 0x3B, 0x56, 0xE7, 0xE5, 0xA0, 0x3B, 0xF4, 0xF6, 0xBA, 0x43, 0x7F, 0xD0, 0xED,
    0x0F, 0xFA, 0x1E, 0xFB, 0x97, 0x69, 0x6E, 0x7B, 0xDE, 0xDE, 0xEB, 0x43, 0xAF, 0x7F, 0x1C, 0xA1,
    0xB6, 0x87, 0xEA, 0xDD, 0x6B, 0x51, 0xB8, 0x6C, 0x3E, 0xEE, 0x98, 0xF1, 0xDE, 0x2A, 0x96, 0x13,
    0x9E, 0x7F, 0xC3, 0x82, 0x39, 0xEB, 0x60, 0xF9, 0xF9, 0xCC, 0xE3, 0x5A, 0x87, 0x9B, 0x15, 0x12,
    0x3E, 0x43, 0x44, 0xD5, 0x49, 0xA9, 0xC5, 0xBC, 0xD2, 0x47, 0xF1, 0x81, 0x5E, 0x5C, 0xF3, 0xC3,
    0xBF, 0x5E, 0x4F, 0xEC, 0xDC, 0x59, 0xBC, 0x64, 0xE2, 0x80, 0x65, 0x21, 0x6D, 0x79, 0x9E, 0xAA,
    0xE0, 0xC5, 0xD3, 0xF4, 0x87, 0x6F, 0xD1, 0x48, 0xCA, 0x35, 0x03, 0x63, 0x35, 0x7D, 0x20, 0x9F,
    0xAF, 0x2A, 0x8E, 0x66, 0xE2, 0xFE, 0xD3, 0x22, 0x1E, 0x95, 0x24, 0x6A, 0xBF, 0xE7, 0x53, 0x96,
    0x34, 0x0A, 0x61, 0x57, 0xB7, 0xA9, 0x1B, 0xCB, 0x31, 0x79, 0x8C, 0xB7, 0x94, 0x11, 0x77, 0xBC,
    0x96, 0xA4, 0xE2, 0x32, 0xAF, 0x6F, 0x6F, 0xB7, 0x28, 0x85, 0xDA, 0x2C, 0xFA, 0x09, 0xF6, 0x98,
    0x7F, 0xB8, 0x51, 0xB6, 0xED, 0xFD, 0x11, 0x3F, 0x3E, 0x9C, 0x36, 0x52, 0xEA, 0x7F, 0x43, 0x63,
    0xAD, 0x72, 0x5C, 0xA8, 0xE9, 0xF5, 0xC3, 0xF0, 0xB6, 0x2E, 0x23, 0x9E, 0x73, 0xD5, 0x6C, 0xC8,
    0x5A, 0xAF, 0xF6, 0x73, 0xDB, 0xC2, 0xAB, 0x6D, 0xDB, 0x14, 0xA5, 0xBC, 0x4F, 0x19, 0xFA, 0xE7,
    0x23, 0x01, 0xCF, 0xE3, 0x55, 0x1A, 0xB0, 0xEC, 0xEA, 0x29, 0x26, 0xB5, 0x62, 0xA3, 0x64, 0x89,
    0x43, 0x76, 0xBC, 0x5C, 0xCD, 0x55, 0xEC, 0x1C, 0xD4, 0xF5, 0x1D, 0xD5, 0xA0, 0xC1, 0x48, 0x60,
    0x4D, 0x19, 0x7B, 0xB3, 0x78, 0x35, 0x9E, 0x11, 0x34, 0x05, 0xE8, 0x47, 0x7C, 0x7D, 0x07, 0xC8,
    0x55, 0xCE, 0x48, 0x6C, 0x64, 0x96, 0x94, 0xAE, 0x5F, 0x7D, 0x06, 0xCA, 0x5E, 0x7F, 0x5D, 0xB2,
    0xC4, 0x2C, 0x08, 0x9A, 0x81, 0x50, 0x9C, 0xC3, 0xC1, 0xDB, 0x18, 0x4E, 0xC6, 0x7E, 0x34, 0x6E,
    0x71, 0x58, 0xE8, 0xF9, 0x01, 0xDA, 0x42, 0xBB, 0x71, 0xD7, 0x89, 0x20, 0x76, 0x95, 0x3A, 0x2D,
    0xD0, 0xE7, 0x26, 0x7A, 0x36, 0x70, 0x75, 0x34, 0x81, 0x14, 0xF8, 0xBC, 0xA3, 0xC7, 0x64, 0x3D,
    0x5E, 0x43, 0x4A, 0xC1, 0x03, 0x6E, 0x7E, 0x77, 0xB0, 0x32, 0xBC, 0xA2, 0xAE, 0xD5, 0xF0, 0xE1,
    0x63, 0x57, 0x23, 0x90, 0x9B, 0x78, 0xA3, 0xEA, 0x46, 0x04, 0xC9, 0xAC, 0x04, 0x2F, 0x73, 0xAF,
    0x18, 0xB4, 0x0B, 0x34, 0x0D, 0x55, 0x49, 0xD1, 0xB1, 0xF2, 0x9A, 0xD2, 0xDB, 0xDC, 0x5A, 0x55,
    0x6E, 0xCB, 0x42, 0x24, 0xB1, 0x4E, 0x72, 0x54, 0x59, 0x7A, 0x41, 0x5E, 0xA9, 0x4C, 0xCF, 0x6B,
    0x5A, 0xED, 0x94, 0x39, 0x34, 0xC3, 0x2C, 0x99, 0x7F, 0x61, 0xEA, 0x61, 0xFE, 0x09, 0x1F, 0x89,
    0x98, 0x5C, 0x76, 0x4B, 0x8B, 0x44, 0xCA, 0xBA, 0xA9, 0x5D, 0xAD, 0xB0, 0x1A, 0xCD, 0xC3, 0x8C,
    0xA6, 0xE3, 0x57, 0x54, 0x06, 0x1C, 0x2E, 0x1E, 0x77, 0xBC, 0x61, 0xE1, 0xFE, 0xEE, 0x58, 0x28,
    0x73, 0x0E, 0xB9, 0x77, 0xA1, 0x95, 0x4C, 0x3A, 0xBF, 0xCD, 0x65, 0x4B, 0xF3, 0x57, 0x67, 0xD9,
    0xD2, 0x18, 0x30, 0x82, 0xA0, 0xFA, 0x16, 0x1D, 0x2C, 0x88, 0x67, 0xDD, 0x40, 0x49, 0x79, 0x87,
    0x25, 0x83, 0x94, 0x65, 0xD9, 0xFD, 0xA1, 0xD7, 0x7B, 0xBE, 0xFF, 0xE4, 0x49, 0x73, 0x7D, 0x3A,
    0x8A, 0x6F, 0x3A, 0xE9, 0xCC, 0x87, 0x1D, 0xF4, 0xA4, 0xE7, 0xED, 0x2F, 0x6F, 0x80, 0xFE, 0xE0,
    0x9F, 0xB2, 0x2A, 0xC3, 0x5E, 0xC9, 0x46, 0x24, 0x33, 0x93, 0x31, 0x23, 0x55, 0xB5, 0x9B, 0xB0,
    0x64, 0x60, 0xD7, 0xE0, 0x1C, 0xC4, 0xCD, 0x17, 0xF2, 0xD6, 0xCC, 0xD3, 0x0C, 0xC2, 0x60, 0x2D,
    0x03, 0xB6, 0x55, 0x28, 0xE7, 0x96, 0xD5, 0x12, 0x43, 0xAA, 0xF3, 0xB6, 0x9F, 0xF3, 0xB2, 0x8E,
    0x6E, 0xBB, 0x8F, 0xE6, 0xD3, 0x97, 0x06, 0x99, 0x75, 0x1F, 0xFD, 0xEA, 0xB3, 0x10, 0x4A, 0x79,
    0x21, 0x6C, 0xF7, 0xA7, 0xBC, 0x61, 0x10, 0x45, 0xFE, 0x30, 0x18, 0x3C, 0x1B, 0x0E, 0x5F, 0xD0,
    0xCF, 0x97, 0xC3, 0xE3, 0x17, 0xBD, 0xA7, 0xEC, 0xE7, 0xF1, 0xE1, 0x5E, 0xFF, 0x80, 0x7E, 0xBE,
    0x78, 0xB9, 0x0F, 0xFF, 0x61, 0x3F, 0x9F, 0xED, 0x1F, 0x1D, 0x1F, 0xD3, 0xCF, 0xA3, 0xA7, 0xC3,
    0x67, 0x2F, 0x59, 0x81, 0xBD, 0xA7, 0x47, 0x03, 0xFE, 0xB3, 0x77, 0xF0, 0xF4, 0xE0, 0x39, 0x2B,
    0xFB, 0x92, 0xFE, 0xD3, 0xFC, 0xB9, 0xCD, 0x82, 0xF8, 0xBC, 0x33, 0xAD, 0x7B, 0x17, 0xAE, 0x81,
    0xE8, 0x04, 0x84, 0xEC, 0x7B, 0x8C, 0xCA, 0x07, 0xBB, 0x7E, 0x2F, 0x57, 0x40, 0xAC, 0xC4, 0xBA,
    0x3E, 0x75, 0xD5, 0x56, 0x88, 0xB5, 0x47, 0x12, 0x8C, 0x87, 0x49, 0xD0, 0xC6, 0x86, 0x42, 0x63,
    0x25, 0x95, 0x26, 0x02, 0x6F, 0xE6, 0x32, 0x8F, 0xC2, 0x0B, 0x4A, 0x1C, 0xC5, 0xB6, 0xE7, 0x43,
    0x78, 0x7F, 0x04, 0xCA, 0xA6, 0x36, 0x65, 0x25, 0xA5, 0xDB, 0x16, 0x82, 0xC9, 0xBB, 0x25, 0x0B,
    0x73, 0x65, 0x03, 0x8E, 0xE9, 0x52, 0x15, 0x36, 0xC5, 0x3F, 0x63, 0x68, 0xDD, 0x62, 0xD2, 0x8A,
    0xD1, 0xB7, 0x2D, 0x96, 0x71, 0x21, 0x21, 0xA7, 0x7D, 0xFA, 0x5B, 0xE4, 0x72, 0xEC, 0x2A, 0x89,
    0x3A, 0x6C, 0x4E, 0xA0, 0x88, 0x9F, 0x71, 0xF2, 0x27, 0xE1, 0x7C, 0x50, 0xCE, 0xF9, 0xF2, 0xD2,
    0x59, 0x12, 0x4E, 0xA7, 0x41, 0x62, 0x28, 0xB4, 0xCF, 0x79, 0x81, 0xCA, 0x7D, 0x99, 0x09, 0x99,
    0xD2, 0x94, 0x7C, 0x5B, 0xE8, 0xE1, 0x0E, 0xB9, 0x86, 0x0D, 0x11, 0x53, 0x77, 0x96, 0x3B, 0xA6,
    0x7E, 0x49, 0x1B, 0x2C, 0x19, 0x60, 0xD9, 0xF5, 0x78, 0x47, 0xBA, 0x77, 0xCE, 0x1D, 0x5C, 0x33,
    0x73, 0x3C, 0xCF, 0x83, 0xC5, 0xCA, 0x75, 0x30, 0xE4, 0xA0, 0x60, 0x64, 0x1C, 0x44, 0xC0, 0x17,
    0x2E, 0xDF, 0x56, 0x4B, 0x3B, 0x74, 0x6D, 0xB6, 0x85, 0x09, 0xC4, 0x85, 0x15, 0x43, 0x63, 0x24,
    0x92, 0xDD, 0x1C, 0xA7, 0x45, 0x9F, 0x78, 0x5A, 0xFB, 0xBC, 0xB6, 0x93, 0x0C, 0x64, 0x52, 0x88,
    0xD9, 0xFC, 0x97, 0x4D, 0xAD, 0x62, 0xFE, 0xB4, 0xF6, 0xF1, 0x57, 0x35, 0xC0, 0x9B, 0x93, 0xDF,
    0x74, 0x39, 0xAF, 0x95, 0xD1, 0x01, 0x30, 0xB6, 0x2F, 0xEA, 0x43, 0xCB, 0xD3, 0x1D, 0xFC, 0x26,
    0x65, 0x37, 0xE6, 0xBD, 0x7A, 0x1F, 0xFE, 0xB1, 0xE2, 0x62, 0x54, 0x85, 0x72, 0x67, 0xF1, 0xF5,
    0x33, 0xE9, 0xBA, 0x0C, 0x85, 0x76, 0xC5, 0xEA, 0xE2, 0xF7, 0x69, 0x7C, 0x94, 0xE4, 0x49, 0x7A,
    0xD1, 0x6C, 0x77, 0x93, 0x80, 0x58, 0x54, 0x6B, 0xB7, 0xB9, 0x3B, 0xDD, 0xF1, 0x1A, 0xFF, 0xF8,
    0x8F, 0xCD, 0x46, 0xDB, 0x5E, 0xFB, 0x8D, 0x14, 0x5E, 0x24, 0x5F, 0x9E, 0xF0, 0xAD, 0x13, 0x4A,
    0xBB, 0xF1, 0x25, 0x9D, 0x6F, 0x95, 0xDB, 0x21, 0xEE, 0xD9, 0xED, 0x68, 0xEA, 0xAF, 0xA6, 0x81,
    0x6D, 0x3F, 0xA6, 0x0F, 0xEF, 0xBF, 0x94, 0x05, 0x91, 0xB5, 0x09, 0x32, 0x0A, 0xC5, 0xE3, 0xB6,
    0xF2, 0xC6, 0x77, 0x19, 0x18, 0xA8, 0x70, 0xD4, 0x03, 0x60, 0xC7, 0xD6, 0x5A, 0xC9, 0xF8, 0x35,
    0x0B, 0xDF, 0x39, 0xF3, 0x06, 0xC3, 0x7E, 0x77, 0x60, 0x29, 0x83, 0xB1, 0xDA, 0xEF, 0x2E, 0x2F,
    0x51, 0x14, 0x3B, 0x93, 0x2A, 0x74, 0x6C, 0x4D, 0xE5, 0x9F, 0x4F, 0x1D, 0x58, 0x21, 0x1E, 0xE4,
    0xA9, 0x72, 0x87, 0x77, 0x5E, 0x08, 0x2D, 0xD9, 0x0C, 0x84, 0x3E, 0xDC, 0x1A, 0xD3, 0x6F, 0xBB,
    0x2C, 0xBF, 0x27, 0x8E, 0xFC, 0x18, 0x80, 0x03, 0x13, 0x54, 0xD2, 0x7E, 0x02, 0x0B, 0x32, 0xF2,
    0xA6, 0x55, 0x82, 0xE4, 0x8B, 0x05, 0x61, 0x1E, 0xCA, 0x30, 0xC5, 0x61, 0x3D, 0xF1, 0x35, 0xF5,
    0x76, 0x9C, 0xE6, 0xAF, 0x2E, 0x15, 0x89, 0xCA, 0xA4, 0x3F, 0x50, 0x18, 0x13, 0x0F, 0x60, 0xB2,
    0x72, 0x96, 0xEF, 0x88, 0x2A, 0x6B, 0x88, 0x4B, 0x34, 0x1F, 0x15, 0x87, 0x1D, 0xD2, 0xAE, 0xC3,
    0x8A, 0x9B, 0xA1, 0x28, 0x83, 0x1E, 0x4A, 0xCF, 0xBD, 0xB2, 0x6B, 0x7C, 0x15, 0x08, 0xDC, 0xDC,
    0x8A, 0x87, 0x56, 0xEC, 0xDC, 0xB0, 0xE7, 0x3D, 0xF1, 0x80, 0x42, 0x8F, 0x7A, 0x22, 0xC5, 0xEA,
    0x11, 0xBD, 0xAD, 0xB8, 0xCF, 0xD7, 0x80, 0xCB, 0x8C, 0x9D, 0xD5, 0x60, 0xF3, 0x5D, 0xF1, 0xAB,
    0xCF, 0x05, 0x45, 0xAE, 0xF3, 0x6D, 0x11, 0xA9, 0xDD, 0x4F, 0x12, 0xFF, 0x16, 0x0B, 0xE4, 0xE4,
    0xAC, 0x7E, 0x8F, 0x69, 0x35, 0x60, 0x81, 0x62, 0x6D, 0x14, 0x73, 0xCC, 0x72, 0x58, 0x9C, 0xA0,
    0x04, 0xC2, 0x35, 0x8C, 0x16, 0xF6, 0xE0, 0x88, 0x74, 0x61, 0xA9, 0xC9, 0x76, 0xF9, 0x08, 0xA7,
    0xF9, 0xB4, 0x27, 0xFE, 0x22, 0xBD, 0x8C, 0x93, 0xF9, 0x49, 0x12, 0x63, 0x16, 0xA0, 0x16, 0xF4,
    0x0B, 0x17, 0xFB, 0x7A, 0x12, 0x4C, 0xDB, 0xA7, 0xF9, 0xD7, 0x4E, 0x0C, 0x92, 0x6B, 0xB8, 0xC0,
    0x43, 0x7C, 0x68, 0x89, 0xFE, 0x65, 0x1F, 0xD9, 0x6D, 0xA8, 0x79, 0x39, 0xAF, 0xD7, 0x1D, 0xA6,
    0x5E, 0x00, 0x1C, 0xAC, 0x13, 0xAF, 0xB2, 0x6A, 0x6B, 0x0F, 0xE1, 0xEC, 0x56, 0xFC, 0x20, 0x83,
    0x0F, 0xBD, 0x81, 0x1F, 0xFB, 0x95, 0xD8, 0xE4, 0x42, 0xC6, 0x5E, 0xFE, 0x02, 0xC1, 0x8E, 0xFD,
    0xE5, 0x59, 0x83, 0x54, 0xB4, 0xC6, 0xAE, 0xAB, 0x79, 0xF9, 0x3C, 0x1A, 0x9B, 0x63, 0x07, 0xD2,
    0x3D, 0xE1, 0x21, 0xCB, 0xC5, 0x1C, 0xB5, 0xD1, 0xAD, 0x80, 0x0D, 0x05, 0x2C, 0xB6, 0xEA, 0x47,
    0x53, 0x8A, 0x50, 0x6E, 0x3B, 0x80, 0x3D, 0xDE, 0x9D, 0x6E, 0x70, 0xE9, 0xA7, 0xB9, 0xDA, 0x88,
    0x39, 0x55, 0x07, 0x80, 0x49, 0x47, 0x20, 0x52, 0x3D, 0xCD, 0xCF, 0x4A, 0x1D, 0xFC, 0x66, 0xB9,
    0x03, 0x36, 0xC9, 0x1E, 0xF0, 0x75, 0x73, 0xD3, 0xA0, 0xB7, 0x6D, 0x44, 0x36, 0x4C, 0xAB, 0xF2,
    0xF1, 0x09, 0xA5, 0x0A, 0x12, 0xC9, 0xD8, 0x58, 0x6E, 0x19, 0x96, 0xF8, 0x70, 0x02, 0xFB, 0xCD,
    0x2A, 0xA5, 0x44, 0x7A, 0x98, 0x5D, 0x28, 0xCD, 0x02, 0x7F, 0xA2, 0xEF, 0xC7, 0x98, 0xAF, 0xEC,
    0xC4, 0xB4, 0xDF, 0xB1, 0x24, 0x75, 0x36, 0x29, 0xB0, 0xD9, 0x3C, 0xA5, 0x04, 0x4D, 0xB3, 0x20,
    0x65, 0xAD, 0x91, 0xB5, 0x89, 0x65, 0x6D, 0x89, 0x31, 0xC7, 0x8B, 0x7F, 0xE5, 0x87, 0x11, 0x86,
    0x0C, 0x79, 0x7E, 0x4A, 0x4D, 0xCB, 0x3D, 0x9E, 0xB0, 0x58, 0x10, 0xAB, 0x78, 0x79, 0x0F, 0x07,
    0xD8, 0xCA, 0xD5, 0x96, 0x8B, 0x4F, 0x0B, 0x50, 0x41, 0xD0, 0xF1, 0x0D, 0x7B, 0xC8, 0x99, 0xBB,
    0x9E, 0x5A, 0x68, 0x5D, 0x96, 0x20, 0xC5, 0x16, 0x64, 0x6D, 0x24, 0x48, 0x09, 0xE8, 0x56, 0xE7,
    0x22, 0xF3, 0x09, 0x7B, 0x26, 0xF5, 0x4B, 0x4B, 0x01, 0x12, 0x05, 0x53, 0x7F, 0x7C, 0xCB, 0x83,
    0xB8, 0xA5, 0x68, 0xE0, 0xBC, 0xB0, 0x9C, 0x2A, 0xC5, 0x8F, 0xA2, 0x0F, 0x02, 0xB4, 0x04, 0x89,
    0x12, 0x9E, 0xD0, 0x7B, 0x57, 0x1E, 0x1C, 0xB9, 0x22, 0x2B, 0x59, 0x0C, 0xB6, 0xB8, 0xC7, 0xA3,
    0xE8, 0x4B, 0x1D, 0x38, 0x3F, 0x7D, 0xF6, 0xF0, 0x92, 0x20, 0x94, 0x21, 0x31, 0x02, 0x91, 0xF2,
    0x89, 0xE7, 0x32, 0x2D, 0x0A, 0x27, 0x72, 0x74, 0x10, 0x4B, 0x8D, 0x76, 0x22, 0x0F, 0x77, 0xFD,
    0xB3, 0x2D, 0xA1, 0x0D, 0x90, 0xD1, 0xCB, 0x10, 0x68, 0x77, 0xCA, 0xF2, 0x5E, 0x82, 0xC4, 0xB6,
    0x0B, 0xB2, 0x9C, 0x8C, 0x04, 0xF6, 0xE5, 0x4D, 0x88, 0xEE, 0xAB, 0xAF, 0xA0, 0x39, 0x58, 0x5E,
    0xB7, 0x3B, 0xE2, 0x2D, 0x88, 0x7D, 0x67, 0x5E, 0x47, 0xBC, 0x56, 0xF2, 0xCC, 0x00, 0x18, 0x6C,
    0xF7, 0x3D, 0xA9, 0x66, 0x9E, 0xEC, 0xCC, 0x9A, 0x8F, 0x2A, 0xCF, 0xD5, 0x93, 0x6A, 0x79, 0xA1,
    0xF4, 0xBA, 0x6F, 0x60, 0xB7, 0x41, 0x19, 0xB3, 0xA5, 0x7C, 0xD8, 0xF1, 0x52, 0x39, 0x92, 0x5B,
    0x36, 0x03, 0xF1, 0x0F, 0x02, 0xFE, 0x95, 0xF5, 0x5A, 0x9D, 0x2B, 0xEF, 0x71, 0x31, 0xBA, 0xB6,
    0x32, 0xD0, 0xAB, 0x53, 0xB3, 0xF0, 0x79, 0x31, 0xE8, 0xB6, 0x32, 0xFE, 0x2B, 0x7B, 0xB2, 0xAA,
    0xB5, 0x9E, 0xAD, 0xE9, 0x51, 0x98, 0xBE, 0x44, 0x3C, 0x05, 0xAD, 0xA2, 0x55, 0xB5, 0xD9, 0xDE,
    0x69, 0x69, 0x79, 0x68, 0x58, 0x6D, 0x99, 0x89, 0xD4, 0xF2, 0x5C, 0xC2, 0x46, 0xE9, 0x03, 0xE1,
    0xC2, 0x82, 0x61, 0x96, 0x65, 0x2D, 0x4D, 0xDB, 0x25, 0x7D, 0xFF, 0xB3, 0x8F, 0xD9, 0xEA, 0x5A,
    0x57, 0x7A, 0x3E, 0x39, 0x6C, 0x94, 0x50, 0x0D, 0x1C, 0x03, 0xBF, 0x9E, 0x9F, 0xB1, 0xBB, 0x4C,
    0x04, 0x7B, 0x00, 0x24, 0xEC, 0xB2, 0x37, 0xB9, 0xDB, 0x6A, 0xBF, 0x8D, 0xB7, 0x56, 0x7D, 0x6A,
    0x9E, 0x96, 0x43, 0xC9, 0x41, 0x5C, 0x49, 0x35, 0x4F, 0x8D, 0x4C, 0x76, 0xC5, 0xD7, 0x81, 0x33,
    0x2D, 0xDD, 0x3F, 0x50, 0x78, 0x2C, 0xCB, 0x85, 0xCE, 0x4E, 0x5E, 0xBD, 0xD6, 0xDB, 0xCE, 0xDB,
    0x94, 0x8F, 0x4D, 0x4B, 0xDF, 0xC5, 0x03, 0x64, 0xD5, 0x05, 0xCC, 0x3E, 0x2D, 0x56, 0xF3, 0xFC,
    0x23, 0x23, 0x30, 0xD0, 0xF0, 0x87, 0x3B, 0x2A, 0xF1, 0xA9, 0xB9, 0x0D, 0x55, 0xBA, 0xA4, 0x74,
    0x47, 0x12, 0xFA, 0x30, 0x43, 0x62, 0x0B, 0x49, 0x3F, 0xA4, 0xA9, 0x84, 0x3F, 0x8F, 0x8B, 0x46,
    0xE0, 0xF1, 0x9B, 0x6F, 0xDA, 0xB6, 0x1B, 0x3F, 0xC2, 0xC9, 0x8D, 0xE8, 0xC1, 0x65, 0x14, 0xC7,
    0x49, 0x2B, 0x04, 0x85, 0x44, 0x6B, 0xAA, 0x83, 0x4D, 0x81, 0xBE, 0x55, 0xF4, 0x19, 0xDF, 0xB4,
    0x2D, 0xDA, 0x4A, 0x2C, 0x34, 0x1E, 0x03, 0x00, 0xFC, 0x1F, 0x9A, 0x52, 0xAA, 0x88, 0xF0, 0xE1,
    0xE5, 0x2A, 0x9D, 0xB5, 0x44, 0x4D, 0x72, 0x49, 0x07, 0x0D, 0xE3, 0x2D, 0x2A, 0x15, 0x17, 0x6F,
    0x41, 0x7B, 0x67, 0x5F, 0xD6, 0x17, 0xF6, 0x1B, 0x41, 0x8C, 0x9C, 0xDA, 0x0A, 0x54, 0x00, 0xD3,
    0xB6, 0x31, 0x1E, 0x3E, 0xE3, 0xF2, 0xA2, 0xE7, 0xA1, 0xEA, 0x27, 0x05, 0x95, 0x4A, 0x0B, 0x65,
    0x47, 0xE1, 0x0E, 0xAE, 0x82, 0xB0, 0x42, 0xE4, 0x82, 0x3C, 0x6C, 0x5E, 0x2E, 0x58, 0x80, 0x04,
    0xC2, 0x95, 0x16, 0xF4, 0xAE, 0x37, 0x90, 0xAB, 0xF2, 0x31, 0x9C, 0x88, 0x1F, 0xD5, 0xF7, 0x9F,
    0x94, 0xC7, 0x8A, 0x3F, 0xE4, 0x96, 0x65, 0xE4, 0x29, 0x61, 0xC7, 0xC5, 0x9E, 0x3B, 0xBB, 0x83,
    0x56, 0x89, 0x7B, 0x71, 0x43, 0x95, 0xA1, 0xF6, 0x65, 0x26, 0x72, 0x50, 0x1E, 0x68, 0x8C, 0xE6,
    0x79, 0x00, 0xBA, 0xC2, 0x1C, 0x65, 0x6D, 0xEA, 0x4A, 0x1A, 0xAF, 0x92, 0x71, 0xC1, 0x6C, 0xFE,
    0x89, 0x6C, 0x9E, 0xD8, 0x8F, 0x62, 0x33, 0xE3, 0xDD, 0x38, 0x13, 0x21, 0x1D, 0xC5, 0x97, 0xE0,
    0x2A, 0x48, 0x6E, 0xD9, 0x26, 0xA7, 0xEC, 0x58, 0xAC, 0x6C, 0xBB, 0x2D, 0xC9, 0x75, 0x55, 0x3B,
    0xB3, 0xE7, 0x8F, 0x93, 0x38, 0x4D, 0x29, 0x87, 0x21, 0x43, 0xCE, 0x5D, 0xF7, 0xEA, 0xEA, 0xDD,
    0xF8, 0x37, 0xB3, 0x99, 0xCA, 0x94, 0x99, 0xA0, 0x35, 0x05, 0x13, 0xF1, 0xE4, 0x75, 0x3B, 0x52,
    0xA3, 0x3C, 0xEB, 0x9D, 0x84, 0xCB, 0xEF, 0x92, 0x70, 0xE2, 0x21, 0xF1, 0x2B, 0x08, 0x43, 0x3B,
    0x01, 0x66, 0xC5, 0xD4, 0x12, 0x57, 0xB0, 0x54, 0x83, 0x85, 0x84, 0x6A, 0xE1, 0xEC, 0x67, 0xDE,
    0xBE, 0xC9, 0xD2, 0x59, 0xD7, 0x30, 0x5D, 0xAF, 0x58, 0x52, 0xDF, 0x78, 0xC0, 0xCE, 0x77, 0xBD,
    0x7D, 0x34, 0x32, 0xB5, 0xF8, 0x6A, 0xEA, 0xE4, 0x5F, 0xFF, 0xE8, 0x0D, 0x14, 0xA9, 0x05, 0x7A,
    0x43, 0x49, 0x3A, 0x73, 0x25, 0xF6, 0xAB, 0xCF, 0xBC, 0xE8, 0x9A, 0xE9, 0xB2, 0x5F, 0x7D, 0xBE,
    0x5D, 0x33, 0x65, 0xF6, 0xAB, 0xCF, 0x68, 0x2A, 0xC8, 0x41, 0xAD, 0x99, 0x66, 0x4B, 0xDF, 0x77,
    0x4D, 0xD9, 0x5A, 0x82, 0x0D, 0x9A, 0xE0, 0x85, 0x35, 0x55, 0x66, 0x00, 0x93, 0xAB, 0xD1, 0x94,
    0x49, 0x1B, 0x2D, 0x94, 0xBA, 0xE8, 0xD5, 0xAB, 0xC9, 0x8D, 0xED, 0xD2, 0xAC, 0x4C, 0xE4, 0x1B,
    0x66, 0x54, 0xA3, 0xC9, 0x05, 0x26, 0xF1, 0x73, 0xDA, 0x57, 0xCD, 0x94, 0x8C, 0x95, 0x71, 0x93,
    0xDB, 0x05, 0xD3, 0x70, 0x41, 0xE3, 0xB0, 0xAC, 0xD5, 0x75, 0xFB, 0xC2, 0x52, 0x75, 0x29, 0x04,
    0xC7, 0x09, 0xCB, 0xBB, 0xB2, 0x6C, 0xB5, 0xAE, 0x76, 0xBC, 0x90, 0x25, 0xC4, 0x55, 0x48, 0xF7,
    0xE6, 0x44, 0x9F, 0xAA, 0x96, 0x96, 0x1C, 0x88, 0x68, 0x89, 0x0C, 0x98, 0x2D, 0x05, 0xE3, 0x34,
    0x79, 0x3B, 0x32, 0xAC, 0xDB, 0x13, 0xCF, 0x98, 0xE1, 0x8E, 0x07, 0x4D, 0xCB, 0xA4, 0x89, 0x3B,
    0x0D, 0xD1, 0xAE, 0x9B, 0x22, 0x14, 0xA0, 0x24, 0xC5, 0x9D, 0x78, 0x57, 0xF2, 0xAA, 0x50, 0x73,
    0xBB, 0x22, 0x5E, 0x25, 0xB6, 0x8F, 0x5E, 0x42, 0x23, 0x3F, 0x69, 0x5A, 0x65, 0x8D, 0x0C, 0x74,
    0xCD, 0xE8, 0x29, 0x5E, 0xFE, 0x77, 0x26, 0x4D, 0x6E, 0x12, 0x4C, 0x56, 0xE3, 0x00, 0xE6, 0x76,
    0x35, 0x87, 0xD9, 0x4D, 0x09, 0x4D, 0xB9, 0xC8, 0xCD, 0x5F, 0x2A, 0x92, 0xF6, 0x8E, 0xD7, 0xB3,
    0xC9, 0x1E, 0xE4, 0x60, 0xF5, 0x17, 0x34, 0x9D, 0xA0, 0x78, 0x69, 0x62, 0x0B, 0x86, 0x9E, 0x77,
    0xC0, 0x52, 0x1D, 0x7A, 0x2D, 0x2A, 0x4B, 0x90, 0xFE, 0xE8, 0xF5, 0xBA, 0x87, 0x50, 0x53, 0x67,
    0xB4, 0x56, 0x4B, 0xED, 0xD2, 0xAC, 0xDB, 0x1F, 0x2A, 0x25, 0x15, 0x56, 0x56, 0x50, 0x85, 0xF5,
    0x2E, 0x0B, 0xE8, 0xD0, 0xF7, 0x79, 0x12, 0xE6, 0x8D, 0xA7, 0xF1, 0xD4, 0x06, 0xF2, 0x46, 0xE1,
    0x0D, 0x28, 0xE9, 0x49, 0xDD, 0xFD, 0x86, 0x46, 0xF0, 0x4D, 0xB1, 0xC0, 0xE0, 0xB3, 0x40, 0x8A,
    0x15, 0x1A, 0x72, 0x1A, 0x0B, 0xC9, 0xE5, 0xFD, 0xD6, 0x2A, 0xE5, 0x3C, 0x20, 0xC1, 0x8B, 0x3D,
    0x15, 0x8E, 0x07, 0x55, 0x80, 0xAF, 0x20, 0x03, 0xB9, 0x41, 0x56, 0x22, 0x38, 0x0D, 0xB7, 0x83,
    0x7D, 0xF5, 0x59, 0x74, 0x03, 0xDE, 0xB1, 0x06, 0xF9, 0x4B, 0xD6, 0x0E, 0xBC, 0x4D, 0x6E, 0xE4,
    0xFB, 0xAE, 0xD0, 0x34, 0x45, 0x4E, 0x37, 0xDC, 0xC0, 0x75, 0xA1, 0xDE, 0xCD, 0xA0, 0x5E, 0x55,
    0x97, 0xEF, 0xE9, 0x1A, 0x15, 0xA7, 0x63, 0xBC, 0xA1, 0xD3, 0xA0, 0x64, 0xB6, 0xB8, 0xF3, 0x39,
    0x5C, 0x5A, 0xA6, 0x2F, 0x1F, 0xA8, 0xB0, 0xA0, 0xC9, 0x43, 0xA5, 0xFA, 0x0D, 0xB2, 0xAA, 0x01,
    0x7B, 0xED, 0xE2, 0x78, 0xC7, 0xB7, 0xEC, 0x37, 0x0E, 0x39, 0x39, 0x6B, 0xEC, 0xDF, 0xF3, 0x38,
    0xB2, 0x60, 0xA9, 0x0F, 0x02, 0x37, 0x13, 0xB2, 0x05, 0x43, 0x2F, 0xDF, 0x78, 0xD0, 0x36, 0x0D,
    0xEA, 0xA7, 0xDE, 0xCF, 0xD0, 0x1F, 0xE5, 0xF1, 0x76, 0xAD, 0xB6, 0xA9, 0x6C, 0x45, 0x7D, 0xA6,
    0x64, 0x70, 0x8C, 0xF0, 0x75, 0x61, 0x51, 0x34, 0x3C, 0xD6, 0x16, 0xA2, 0xC4, 0xFB, 0xBE, 0x00,
    0x1F, 0x52, 0x6B, 0x7F, 0x56, 0x5E, 0xE8, 0xED, 0x29, 0x47, 0x4F, 0x39, 0x5E, 0x65, 0x33, 0x36,
    0xC7, 0x2A, 0xBC, 0x21, 0x33, 0x36, 0x6E, 0x59, 0xDC, 0xF0, 0x4C, 0x28, 0x64, 0x06, 0x54, 0x37,
    0x12, 0x1F, 0x7E, 0x3A, 0xF7, 0xEE, 0x30, 0x9D, 0x9F, 0xB5, 0x6B, 0x38, 0x5E, 0xE3, 0xCE, 0x0C,
    0x53, 0xF0, 0x24, 0x09, 0x7C, 0x7D, 0x3E, 0x71, 0xD7, 0x7E, 0xFF, 0x05, 0xE7, 0x94, 0xEF, 0x75,
    0x49, 0x70, 0x85, 0x4C, 0x85, 0xCF, 0x20, 0xE5, 0xB3, 0xB3, 0x32, 0x0B, 0x3C, 0x4D, 0x97, 0x0A,
    0x3A, 0x0A, 0x2D, 0x91, 0x43, 0xB5, 0x10, 0x68, 0xF7, 0x06, 0xDD, 0x8A, 0xA0, 0x52, 0x97, 0xA9,
    0x47, 0x5A, 0xF9, 0x7C, 0xB4, 0x44, 0x55, 0xCF, 0xF0, 0x14, 0x73, 0xC9, 0xC6, 0x89, 0x75, 0x6F,
    0xD7, 0xC5, 0x0B, 0x82, 0x71, 0x9B, 0xFF, 0x92, 0xDF, 0x5D, 0x94, 0x5D, 0xB8, 0x64, 0x59, 0x4A,
    0x3E, 0xA0, 0xBD, 0xE9, 0x40, 0x04, 0x7E, 0xE3, 0xE8, 0x2F, 0xFA, 0x06, 0x5D, 0x7B, 0x5D, 0xE0,
    0x5E, 0x41, 0x2A, 0x61, 0x8A, 0xF5, 0x46, 0xE7, 0xA1, 0x6B, 0xB9, 0x52, 0xCF, 0x59, 0xE8, 0xDF,
    0x5E, 0xB8, 0x18, 0xAC, 0xB9, 0x3E, 0xB0, 0x77, 0x7C, 0x7D, 0x88, 0x8E, 0xAE, 0x55, 0xBA, 0x5C,
    0x25, 0x51, 0xEB, 0x0F, 0x63, 0x39, 0x83, 0x19, 0x73, 0x01, 0x42, 0xC9, 0x47, 0x6C, 0x08, 0xEB,
    0xB6, 0x49, 0xB5, 0x2A, 0xD2, 0xEA, 0x2D, 0x51, 0x81, 0xA0, 0xAA, 0x65, 0xAA, 0x51, 0xFF, 0x0F,
    0x78, 0xF8, 0xC1, 0x29, 0xE8, 0xCB, 0xAE, 0xE1, 0x7E, 0x77, 0xB8, 0xD5, 0x2A, 0xB6, 0x1A, 0xE3,
    0x44, 0xDA, 0xE9, 0xAB, 0x69, 0x1D, 0x6D, 0xDE, 0x9A, 0x4F, 0xEE, 0x9F, 0x4D, 0xD0, 0xF7, 0xA6,
    0x45, 0xF3, 0xD9, 0x28, 0xE4, 0x3B, 0x92, 0xD7, 0x41, 0xCF, 0x08, 0xB9, 0x86, 0x21, 0xDF, 0xE8,
    0x89, 0x84, 0xEB, 0x27, 0x62, 0x4A, 0xC8, 0x61, 0xCE, 0xBE, 0x64, 0xA0, 0x32, 0x6A, 0x4A, 0xA0,
    0x33, 0x61, 0xFC, 0xF2, 0x2D, 0xFF, 0x8B, 0x9A, 0x13, 0x3D, 0xB3, 0xE3, 0x40, 0x2D, 0x6A, 0xF8,
    0x71, 0x9A, 0xC5, 0x4B, 0x4F, 0x9C, 0x92, 0x62, 0xB9, 0x7C, 0x71, 0xC4, 0xCB, 0x8E, 0xEC, 0x12,
    0xEB, 0x52, 0x46, 0x4E, 0xA9, 0x64, 0xBC, 0xF4, 0xC7, 0xA0, 0x62, 0x9F, 0xF4, 0xBA, 0x7B, 0xDA,
    0x79, 0x9C, 0xDA, 0x02, 0x8B, 0xAD, 0xBE, 0x63, 0x1B, 0x4A, 0x0B, 0xCC, 0x8F, 0xBD, 0x40, 0x50,
    0x71, 0x0F, 0x65, 0xE1, 0xC1, 0x54, 0x87, 0xE6, 0xD5, 0xD4, 0x99, 0x5B, 0x11, 0xBB, 0x49, 0xA2,
    0x8F, 0x65, 0x43, 0xB0, 0x62, 0xEB, 0xB0, 0x1E, 0x3F, 0xB1, 0xCC, 0xA2, 0xD4, 0x91, 0xC6, 0xB9,
    0xE0, 0x81, 0x44, 0x1C, 0xA9, 0xE2, 0x85, 0x7B, 0x61, 0x49, 0x73, 0xCA, 0xAA, 0x91, 0x13, 0x5D,
    0xE3, 0xDC, 0xFD, 0x5D, 0xCE, 0x4F, 0x6A, 0xA4, 0x2F, 0x70, 0xE1, 0x1F, 0x8F, 0xBF, 0x85, 0xB7,
    0x64, 0x17, 0xD7, 0x43, 0xEE, 0xE0, 0x23, 0xFA, 0x24, 0x79, 0x8B, 0xA9, 0x67, 0x5D, 0xAE, 0x4B,
    0xB9, 0x28, 0xB9, 0x7D, 0x68, 0xA6, 0xB6, 0x67, 0x77, 0x18, 0xF0, 0x0B, 0x43, 0xC2, 0x89, 0x8A,
    0xDC, 0x47, 0x2C, 0x1B, 0x7E, 0xAE, 0x3F, 0xCB, 0x15, 0xD5, 0x5B, 0x96, 0xFF, 0xA7, 0x55, 0x90,
    0xDC, 0x32, 0x67, 0xCD, 0x38, 0x69, 0x5D, 0xFC, 0xA4, 0x9D, 0xE9, 0xFD, 0x7C, 0xD1, 0xD6, 0xEE,
    0x25, 0x8A, 0xF4, 0x9B, 0x23, 0x30, 0x2B, 0x45, 0xB8, 0xF0, 0x9E, 0xBF, 0x7B, 0xB3, 0xC3, 0xC9,
    0xC4, 0xBB, 0x9E, 0xC5, 0xF2, 0xD5, 0x9F, 0xB2, 0x2D, 0xDF, 0x7D, 0x2F, 0x9B, 0xD6, 0x59, 0x89,
    0x0B, 0x68, 0xD7, 0x61, 0x8B, 0xDC, 0xFB, 0x74, 0x43, 0x9D, 0x91, 0x80, 0x5F, 0x4D, 0xC1, 0xEF,
    0xB8, 0x3E, 0x11, 0x15, 0x67, 0xBA, 0x87, 0x30, 0x88, 0x34, 0x0C, 0x34, 0xBB, 0x45, 0x36, 0xB0,
    0xA6, 0x5D, 0x4F, 0xC3, 0x53, 0xE4, 0xD2, 0xCA, 0x58, 0xC0, 0x7E, 0xE3, 0x22, 0x6B, 0xB7, 0x2D,
    0x3A, 0xA0, 0x5D, 0x5B, 0x48, 0x03, 0x52, 0xE3, 0x51, 0xBF, 0xD5, 0x12, 0xBD, 0xF0, 0x0B, 0x10,
    0xA9, 0x07, 0x6D, 0xDE, 0x93, 0x12, 0x28, 0x74, 0xE0, 0xFD, 0xED, 0xB7, 0xEA, 0x8A, 0x52, 0x94,
    0x7E, 0x9C, 0x91, 0xD2, 0xC1, 0x50, 0x09, 0xEB, 0x68, 0xE4, 0x86, 0xA8, 0x94, 0x21, 0x7C, 0xF1,
    0x4B, 0x4D, 0x59, 0x1B, 0x96, 0xAF, 0x9E, 0x68, 0x5F, 0xB9, 0xBE, 0xFB, 0x42, 0x4D, 0xC7, 0xAF,
    0xB7, 0xB2, 0xD6, 0x25, 0x2B, 0x19, 0x8E, 0x8A, 0x8A, 0x0B, 0x4B, 0xF5, 0xF2, 0x0C, 0xFE, 0x7A,
    0x69, 0x39, 0x8D, 0xBF, 0xD9, 0xAE, 0xFD, 0xCE, 0x50, 0x09, 0xBB, 0xF2, 0x4A, 0x1B, 0x83, 0x68,
    0x87, 0x77, 0x55, 0xD2, 0x9D, 0x51, 0xAD, 0x26, 0xAC, 0x7D, 0x03, 0xAB, 0x34, 0x92, 0xBB, 0xE3,
    0xE2, 0x0B, 0x63, 0x81, 0xAE, 0x4E, 0xC7, 0xEC, 0xC8, 0x8B, 0xC9, 0xB3, 0x59, 0x18, 0x4D, 0x5A,
    0x99, 0x39, 0x2E, 0xCD, 0x4B, 0x51, 0x12, 0x33, 0xDC, 0xD4, 0x21, 0xE6, 0x94, 0x79, 0x4B, 0xB4,
    0x74, 0xA0, 0x1A, 0x48, 0xFD, 0xD2, 0x44, 0x43, 0xFA, 0x55, 0xAF, 0x52, 0xB0, 0x33, 0x86, 0x68,
    0x54, 0xB2, 0x14, 0x44, 0x6A, 0x7B, 0x07, 0x5B, 0x98, 0xA7, 0xD3, 0xD2, 0xBA, 0x3C, 0x6B, 0xBD,
    0xA3, 0x36, 0x39, 0x89, 0x96, 0x55, 0xC7, 0x02, 0xD6, 0x65, 0x08, 0x7D, 0x6E, 0x63, 0xC7, 0x4B,
    0xD8, 0x80, 0x91, 0x81, 0xDF, 0x02, 0x86, 0x6E, 0x99, 0xA6, 0x6B, 0x95, 0x9D, 0x60, 0x94, 0xBC,
    0xFB, 0x16, 0x10, 0xEC, 0xCE, 0x01, 0x93, 0x07, 0xC0, 0x6B, 0x85, 0xA8, 0x9B, 0xF2, 0x65, 0x08,
    0x18, 0xA0, 0xD2, 0x52, 0x39, 0x9F, 0x99, 0xD1, 0xD4, 0x24, 0xA8, 0xDF, 0xD7, 0xF5, 0x17, 0x39,
    0x1A, 0xE4, 0xAB, 0x81, 0xE4, 0x41, 0x1B, 0xB7, 0x3A, 0x68, 0xDF, 0xD8, 0xD5, 0x0E, 0xDA, 0xCB,
    0xFC, 0x7E, 0x87, 0x7B, 0x59, 0x19, 0xFC, 0x7E, 0x03, 0xFB, 0xC2, 0xC8, 0xDD, 0xBB, 0xEC, 0x34,
    0xAA, 0x25, 0x01, 0x77, 0xD0, 0x78, 0xE9, 0xB6, 0x2B, 0xA5, 0xEC, 0x77, 0x54, 0x67, 0x82, 0x59,
    0x79, 0x7D, 0x56, 0xC6, 0x01, 0xE0, 0x16, 0x9D, 0x85, 0xCA, 0xEB, 0xB3, 0xCC, 0xED, 0x8E, 0xFA,
    0x37, 0xD5, 0xF5, 0x6F, 0x8A, 0xFA, 0x96, 0x0D, 0x53, 0xE0, 0xC7, 0xB2, 0x48, 0xF2, 0x6F, 0x0A,
    0x89, 0x5C, 0xDC, 0x53, 0xE2, 0x74, 0x96, 0x22, 0xBD, 0x2C, 0x15, 0x7A, 0x41, 0x5A, 0x24, 0x98,
    0x1A, 0xC5, 0x95, 0x73, 0x6B, 0xB5, 0x30, 0x3A, 0x0A, 0x5E, 0x98, 0x24, 0xA8, 0xBE, 0x28, 0x6E,
    0xC0, 0xA6, 0x61, 0x30, 0x5A, 0x28, 0x91, 0x90, 0x0C, 0x04, 0x09, 0x91, 0xC9, 0xB5, 0x82, 0x48,
    0x4D, 0xE6, 0xF7, 0x32, 0x77, 0xDD, 0x17, 0x3E, 0x68, 0x5F, 0x7F, 0x72, 0x15, 0x17, 0x57, 0x3F,
    0xD4, 0x1F, 0x17, 0xB9, 0x9E, 0x44, 0x8A, 0x47, 0x80, 0x62, 0x82, 0x2A, 0xBB, 0x20, 0x44, 0x42,
    0xA8, 0x85, 0xAF, 0x72, 0xBA, 0xB5, 0x20, 0x85, 0x7F, 0xD1, 0x69, 0x86, 0x69, 0x20, 0xBE, 0xEB,
    0x72, 0x01, 0xB3, 0x80, 0x76, 0x87, 0x80, 0xA5, 0x80, 0x7A, 0x55, 0xC0, 0x45, 0x39, 0xC7, 0xC1,
    0x4E, 0xDF, 0x38, 0x3B, 0x7D, 0x63, 0xE9, 0xB4, 0xBF, 0x5D, 0xD6, 0xFA, 0xFA, 0xB3, 0xC3, 0x18,
    0x03, 0xF6, 0x6C, 0xBE, 0x8A, 0xB2, 0xB0, 0xA3, 0x1E, 0x66, 0x2A, 0xBE, 0x3F, 0xC1, 0x35, 0x53,
    0x71, 0xBD, 0x33, 0x9B, 0xDA, 0x5B, 0x3E, 0x55, 0x45, 0x65, 0x20, 0xC5, 0x47, 0x82, 0x63, 0x55,
    0xAC, 0x77, 0xE8, 0x4B, 0xF6, 0x64, 0xF2, 0x37, 0x1F, 0x3D, 0xE0, 0x11, 0x1F, 0xAD, 0xE6, 0x28,
    0xB8, 0x8C, 0x93, 0x60, 0x14, 0x4C, 0x43, 0xBC, 0xDA, 0x34, 0x07, 0x6A, 0x8C, 0x57, 0xB1, 0xD6,
    0x30, 0xE6, 0x88, 0xED, 0x16, 0x15, 0xCC, 0x86, 0x45, 0xC1, 0xFB, 0x15, 0xAB, 0x44, 0x6E, 0x7F,
    0xC7, 0x61, 0x19, 0x7D, 0x75, 0x70, 0x4E, 0x5E, 0xD5, 0x86, 0x4D, 0x51, 0xCF, 0xA1, 0x58, 0xC8,
    0xD2, 0x8D, 0x55, 0xBB, 0x10, 0xF5, 0x55, 0xA6, 0x21, 0xD5, 0xAA, 0x92, 0x53, 0x95, 0x76, 0x78,
    0xEA, 0xFD, 0xF2, 0x96, 0x44, 0x3E, 0x7E, 0x68, 0xE8, 0x91, 0x5A, 0xAF, 0x52, 0x26, 0xDE, 0x6E,
    0xD7, 0x16, 0xBE, 0xC0, 0x0E, 0x81, 0x36, 0x9E, 0xBA, 0x77, 0x2C, 0x56, 0xB5, 0x83, 0x65, 0xEC,
    0x92, 0x25, 0x55, 0xB6, 0xD1, 0x10, 0x7D, 0x50, 0xB0, 0xCA, 0x57, 0x0A, 0x03, 0xF9, 0x1A, 0xBE,
    0x1B, 0x77, 0x75, 0x6E, 0x3F, 0xC6, 0x22, 0x4E, 0xD8, 0x3E, 0x48, 0x1E, 0xDF, 0xFA, 0x11, 0x04,
    0x57, 0xFB, 0x48, 0xF5, 0x48, 0x58, 0xBA, 0x74, 0xD0, 0x25, 0xC6, 0x07, 0x8B, 0x55, 0x05, 0x14,
    0x2C, 0xE2, 0xA8, 0xAD, 0x87, 0x2D, 0x4B, 0xBB, 0x4B, 0xBD, 0xD8, 0x65, 0xDD, 0x04, 0x60, 0x97,
    0x24, 0xA4, 0x11, 0x5B, 0x15, 0xA7, 0xFC, 0xAB, 0x26, 0xCD, 0x3B, 0x42, 0x78, 0xA5, 0x46, 0xDD,
    0x71, 0xBC, 0x55, 0xBC, 0x96, 0x94, 0x08, 0xC0, 0x8C, 0xA5, 0x43, 0xF8, 0x5A, 0xA1, 0x96, 0x32,
    0xC4, 0x50, 0x48, 0x2C, 0xA2, 0xEF, 0xDC, 0xAD, 0x58, 0xB3, 0xF0, 0x56, 0xAB, 0xC9, 0x84, 0x82,
    0x4C, 0x97, 0xFC, 0x12, 0x56, 0x8B, 0xAE, 0x6A, 0x8F, 0x76, 0xAA, 0x8E, 0xB6, 0xE5, 0x4D, 0x6E,
    0x1E, 0x5B, 0x8B, 0xA1, 0xB5, 0xA2, 0x3F, 0x25, 0xC1, 0xB5, 0x79, 0x68, 0x2D, 0x94, 0xCD, 0x67,
    0xA6, 0xA8, 0x58, 0x1A, 0x69, 0x2B, 0xF7, 0xEE, 0xF7, 0x13, 0x55, 0xEB, 0x8A, 0xA9, 0xB5, 0xD8,
    0x59, 0xCA, 0x76, 0xFC, 0x6D, 0x8C, 0x00, 0x3C, 0x47, 0x9A, 0x9D, 0x9D, 0x20, 0x62, 0x1C, 0xAA,
    0x78, 0x91, 0x83, 0xCA, 0xB1, 0xFE, 0x29, 0xAF, 0x54, 0x69, 0x65, 0x2A, 0xE1, 0x56, 0x90, 0x9E,
    0x87, 0xE9, 0xB2, 0xB4, 0x7E, 0x99, 0x86, 0xC4, 0x32, 0xBC, 0x91, 0x7B, 0x0E, 0x59, 0xAB, 0x5B,
    0xAD, 0x96, 0xB9, 0x40, 0x3A, 0xEA, 0xEA, 0xD3, 0x83, 0x36, 0xE5, 0x4F, 0x5A, 0xE4, 0xA6, 0xB5,
    0x16, 0x0F, 0xDF, 0xB4, 0xED, 0x1F, 0x88, 0xA7, 0x36, 0xA1, 0x93, 0x5F, 0x59, 0x7F, 0xCD, 0x5D,
    0x78, 0x2E, 0x78, 0x9A, 0xAD, 0x0B, 0x4B, 0x25, 0xC2, 0x4F, 0x9B, 0x21, 0x92, 0x57, 0xC3, 0xF4,
    0x5C, 0x58, 0xCB, 0x96, 0xA1, 0xEB, 0xC2, 0x6E, 0x66, 0x45, 0x34, 0xB6, 0x05, 0x3E, 0x2B, 0xCD,
    0xAC, 0x38, 0x92, 0xD3, 0x0D, 0x29, 0xC9, 0x16, 0x2A, 0xC3, 0x3C, 0x33, 0xFD, 0x28, 0xC2, 0x03,
    0x83, 0x13, 0x60, 0x35, 0x1D, 0x6E, 0x10, 0xBF, 0x5C, 0xF1, 0x7B, 0xA5, 0xB1, 0x7F, 0xD7, 0x81,
    0x37, 0x01, 0x81, 0x07, 0xF3, 0x7F, 0xC3, 0x92, 0xF5, 0x17, 0xB8, 0xCA, 0xC3, 0x79, 0xF8, 0x0B,
    0x08, 0x0D, 0x78, 0x0C, 0xAB, 0x02, 0x04, 0x42, 0x88, 0x57, 0x99, 0xBE, 0xCD, 0xDA, 0xEE, 0xC2,
    0xB6, 0xF5, 0x7A, 0xAD, 0x85, 0x23, 0xFD, 0x39, 0x4C, 0x57, 0x7E, 0xC4, 0x4F, 0x16, 0xBC, 0x3C,
    0x91, 0xA4, 0xD7, 0x4A, 0xE7, 0xE8, 0x35, 0x3A, 0x89, 0x81, 0xFA, 0x81, 0x75, 0xCC, 0x98, 0xA7,
    0x3C, 0x54, 0xA0, 0x03, 0x09, 0x7C, 0xF3, 0x4A, 0x94, 0x6D, 0x81, 0xAC, 0x25, 0x1D, 0x17, 0xC2,
    0x3B, 0xB4, 0xC5, 0x07, 0xE6, 0x7D, 0xD2, 0x30, 0xB2, 0x5B, 0x66, 0x78, 0xD9, 0xF1, 0x52, 0xFF,
    0x32, 0xF0, 0x2E, 0x39, 0x62, 0xF0, 0xD2, 0xFB, 0x1C, 0x35, 0x45, 0xA5, 0xBA, 0x23, 0x75, 0x86,
    0x04, 0x19, 0xB7, 0x2B, 0x17, 0x5D, 0x82, 0x0E, 0x3D, 0x8B, 0x62, 0x58, 0xFA, 0x82, 0xAB, 0xA7,
    0xC0, 0xB6, 0x3D, 0x68, 0x2E, 0x85, 0x35, 0xE5, 0x11, 0xFF, 0xCE, 0xAF, 0x71, 0x16, 0xF6, 0x5A,
    0x7F, 0x32, 0x79, 0x81, 0xC9, 0xEC, 0x5E, 0x87, 0x29, 0x10, 0x4E, 0x00, 0x4B, 0x90, 0xDD, 0xC6,
    0xB4, 0x43, 0xA3, 0x35, 0xA3, 0x23, 0x1E, 0x05, 0xFC, 0xE6, 0x9E, 0xEE, 0x18, 0x9B, 0x4A, 0x33,
    0x49, 0x64, 0x68, 0xB6, 0xB5, 0x5D, 0xD1, 0x7E, 0xFE, 0xF2, 0x24, 0x8A, 0xA4, 0x4A, 0xB0, 0x31,
    0x06, 0x50, 0x33, 0x3F, 0x3A, 0x9F, 0x58, 0xB6, 0xC4, 0x09, 0x33, 0xAC, 0x61, 0x1F, 0x85, 0x40,
    0xDF, 0x64, 0xD5, 0xEC, 0x2E, 0x1C, 0x68, 0x90, 0x96, 0xFA, 0x87, 0x98, 0xB5, 0xDB, 0xF6, 0xDB,
    0xDE, 0xD8, 0x02, 0x3A, 0xDF, 0x14, 0x2D, 0x6D, 0x94, 0x1C, 0xAE, 0xDB, 0xE7, 0xCB, 0xA4, 0x2B,
    0xFD, 0x8C, 0x0B, 0xE9, 0xD1, 0xCA, 0x0B, 0xF5, 0x4C, 0xA8, 0x4D, 0xED, 0x94, 0x0A, 0x2A, 0x1A,
    0xA7, 0x5F, 0xF0, 0xCE, 0x32, 0x22, 0xEA, 0x84, 0x54, 0x9D, 0x05, 0xCA, 0x8C, 0x03, 0xA8, 0x7D,
    0x19, 0xC5, 0xD7, 0x5E, 0x1A, 0x03, 0x1D, 0x87, 0x73, 0x9F, 0x9F, 0x82, 0x52, 0xBE, 0x43, 0x0C,
    0xE0, 0x8B, 0x42, 0x10, 0xEA, 0x6F, 0x45, 0xAD, 0xAB, 0x38, 0x9C, 0x50, 0x03, 0xEC, 0xF8, 0x56,
    0xF5, 0xCA, 0x53, 0x1B, 0x06, 0xB2, 0xD2, 0x5B, 0x75, 0x1E, 0xB7, 0xEA, 0xD2, 0xB4, 0x8E, 0x1F,
    0x94, 0xC3, 0x75, 0x53, 0x2F, 0xBE, 0x52, 0x4F, 0x5B, 0xB9, 0xC4, 0x83, 0x5F, 0x98, 0x5A, 0x1D,
    0x4F, 0x99, 0x62, 0xAD, 0x64, 0x27, 0xCA, 0x75, 0x81, 0x0E, 0x90, 0x65, 0x72, 0xAB, 0x05, 0xEE,
    0xF1, 0xCF, 0x18, 0x59, 0x03, 0x28, 0x98, 0x2F, 0xF1, 0xD4, 0x15, 0xCA, 0x76, 0xF3, 0x17, 0x22,
    0x7E, 0xCF, 0x06, 0x33, 0xB8, 0x02, 0x69, 0x86, 0x95, 0xA7, 0xDF, 0x6B, 0x51, 0x9B, 0x3D, 0xB9,
    0x6B, 0x0A, 0x83, 0xB3, 0x5E, 0x37, 0x48, 0xC7, 0xFE, 0x32, 0xF8, 0x3E, 0x9B, 0x47, 0x38, 0x18,
    0x61, 0x97, 0x6E, 0xAB, 0x31, 0x84, 0xEE, 0x53, 0x6D, 0x98, 0xE3, 0x57, 0x18, 0x6B, 0xCE, 0x85,
    0xA6, 0x99, 0xBF, 0x98, 0x44, 0x41, 0x92, 0x6A, 0x73, 0xA0, 0x24, 0x7D, 0xBD, 0xA7, 0x03, 0x58,
    0x53, 0x5A, 0xF5, 0x1E, 0x19, 0x2F, 0xF3, 0xE2, 0xD2, 0x95, 0x70, 0x68, 0x76, 0x6B, 0xB2, 0xAC,
    0x4D, 0xC0, 0x80, 0x3E, 0x0B, 0xD7, 0x5F, 0x13, 0xA0, 0xB4, 0x0A, 0xD5, 0xF3, 0x63, 0x1D, 0x09,
    0xE4, 0x41, 0x42, 0x08, 0x60, 0xE9, 0x3B, 0xA1, 0x2B, 0x0B, 0xD8, 0xA5, 0x4E, 0x35, 0x2C, 0x28,
    0x59, 0x43, 0x77, 0xE8, 0x3A, 0x75, 0xD8, 0xFB, 0x29, 0x12, 0x4A, 0xC2, 0x48, 0x60, 0x5C, 0x26,
    0x56, 0xC4, 0x10, 0xA8, 0x6D, 0x7C, 0x56, 0x40, 0x48, 0x66, 0x72, 0xD6, 0x5B, 0xD1, 0x52, 0xFB,
    0xB4, 0x06, 0x3F, 0xA6, 0xE4, 0xA6, 0xB8, 0x8C, 0xD1, 0xFC, 0x2E, 0x55, 0xAF, 0x5F, 0x79, 0xB5,
    0x44, 0x1B, 0x7F, 0x16, 0x2F, 0xD5, 0x8A, 0xE6, 0x82, 0x34, 0xF3, 0x9C, 0x3A, 0x71, 0xB1, 0xCD,
    0x80, 0x39, 0xCC, 0x5A, 0x1D, 0xA7, 0xF4, 0xAB, 0x96, 0x51, 0x13, 0x0C, 0xA4, 0x8D, 0x25, 0xAC,
    0x21, 0xE8, 0xC1, 0x09, 0x6E, 0xB8, 0xA9, 0x42, 0x11, 0x55, 0x50, 0xD1, 0x74, 0x5E, 0x0F, 0x1F,
    0xDA, 0x6C, 0x15, 0xA3, 0x27, 0xE2, 0x97, 0x51, 0xE0, 0xF0, 0x42, 0xD0, 0xD1, 0x82, 0x36, 0x40,
    0xA9, 0x96, 0x56, 0x9A, 0x12, 0x2C, 0x6C, 0xE2, 0xB6, 0xE0, 0x75, 0xE5, 0x4C, 0xB8, 0x17, 0x46,
    0x84, 0x48, 0x40, 0x92, 0x32, 0x7D, 0xEC, 0xC2, 0x96, 0xFD, 0x14, 0xA5, 0xE5, 0x70, 0x31, 0x7D,
    0x16, 0xA1, 0x49, 0xFC, 0x07, 0xF8, 0x2A, 0x51, 0x30, 0xF9, 0xE3, 0xB2, 0xCC, 0x27, 0x01, 0x30,
    0x72, 0x2C, 0xF1, 0x0F, 0x20, 0x7E, 0x22, 0x0C, 0x12, 0x4D, 0xC9, 0xDF, 0x1B, 0x1F, 0xAE, 0x15,
    0xB6, 0x2F, 0x09, 0xE3, 0xE8, 0x2B, 0xDF, 0xDB, 0x29, 0x22, 0x09, 0xFB, 0x3B, 0xF8, 0xB5, 0xAD,
    0xF7, 0x8A, 0x52, 0x6E, 0x4A, 0x1C, 0xA5, 0xAB, 0xA7, 0xE2, 0x54, 0xBA, 0x24, 0x18, 0xC8, 0x9C,
    0xC2, 0xD5, 0xB0, 0x35, 0x16, 0x1A, 0x08, 0x5D, 0x83, 0x57, 0x05, 0x6C, 0x51, 0x4E, 0x52, 0x0B,
    0xD8, 0xAB, 0x5D, 0x6A, 0x10, 0xE5, 0x77, 0xFC, 0xAB, 0x30, 0x29, 0xA5, 0x79, 0x05, 0x00, 0x45,
    0xDA, 0xE2, 0xAC, 0xE5, 0x83, 0x81, 0x37, 0x3B, 0xAC, 0x91, 0x76, 0x5D, 0xDE, 0x63, 0x25, 0x23,
    0xB1, 0x06, 0x36, 0xA1, 0xA5, 0x12, 0xBE, 0x23, 0x82, 0x1A, 0x00, 0x28, 0xCA, 0x10, 0x5D, 0x46,
    0xE0, 0xE8, 0xB2, 0xF9, 0x3F, 0x04, 0x25, 0xD2, 0x70, 0xFE, 0x99, 0x1A, 0xEF, 0x95, 0x1A, 0x0B,
    0xC6, 0xD7, 0xD2, 0xA8, 0x50, 0x25, 0x42, 0xD9, 0x17, 0xA9, 0xD8, 0xA2, 0xE5, 0x32, 0xDD, 0x92,
    0xFD, 0x3A, 0xFD, 0x49, 0x2B, 0xF9, 0xB3, 0x73, 0x07, 0x5F, 0x3B, 0xF6, 0x14, 0x69, 0xA3, 0x96,
    0x98, 0x3A, 0x13, 0x69, 0xB7, 0xDF, 0x23, 0xDD, 0xF5, 0x1D, 0xDB, 0x64, 0x55, 0xDD, 0xD2, 0x9D,
    0x6A, 0x23, 0x20, 0xF5, 0x37, 0x26, 0x39, 0xDD, 0xB0, 0x45, 0x68, 0x63, 0x09, 0x58, 0xA5, 0xE5,
    0x0B, 0x4B, 0x8E, 0xBB, 0xE4, 0x3C, 0xBD, 0x7D, 0x35, 0x69, 0x5D, 0x48, 0x99, 0x96, 0x35, 0xD7,
    0x37, 0xFA, 0xA2, 0x86, 0xF4, 0xB9, 0x68, 0x93, 0x8A, 0x1A, 0x16, 0x48, 0x5D, 0x9C, 0x63, 0x5D,
    0x95, 0xC9, 0x43, 0xAA, 0x67, 0x21, 0x03, 0x73, 0xB0, 0x72, 0x1A, 0x4F, 0xE6, 0x80, 0x0C, 0xBF,
    0xE4, 0x31, 0xBB, 0x3A, 0x48, 0x05, 0xEB, 0xC8, 0x99, 0xCC, 0xC9, 0x71, 0xBD, 0xF1, 0x52, 0x92,
    0x6E, 0xD6, 0x43, 0x90, 0x6C, 0x41, 0xD6, 0xE8, 0xD8, 0x66, 0x02, 0x70, 0x99, 0x76, 0x29, 0xDD,
    0xE6, 0xF6, 0x2B, 0xF5, 0x40, 0xBE, 0x06, 0xC7, 0x42, 0x8A, 0x64, 0x1A, 0x79, 0x1E, 0x5E, 0x95,
    0x51, 0xA3, 0x76, 0x43, 0x97, 0xB1, 0x7B, 0xB0, 0xAB, 0x5B, 0x6A, 0x00, 0x91, 0xEF, 0xCA, 0xBA,
    0x30, 0x92, 0x4F, 0x2C, 0xFC, 0xAB, 0x70, 0x8A, 0x7A, 0x34, 0xD4, 0x8D, 0xC5, 0x8D, 0x75, 0x6D,
    0xDD, 0xC0, 0x21, 0x3A, 0xAC, 0x99, 0x32, 0xC4, 0x6B, 0xCD, 0xCA, 0xD6, 0xFC, 0xAE, 0x00, 0xE5,
    0x2D, 0xF0, 0xE6, 0xB2, 0xD5, 0x72, 0x19, 0x27, 0x59, 0x30, 0xE9, 0x7A, 0x3F, 0x82, 0x58, 0xCA,
    0x7A, 0xC4, 0x17, 0xE4, 0x28, 0x00, 0x5D, 0x5B, 0x3B, 0x62, 0xC8, 0xE1, 0x32, 0x23, 0x20, 0xBF,
    0xB9, 0x08, 0x21, 0x8F, 0xD0, 0xD3, 0xA6, 0x69, 0xB3, 0x36, 0x88, 0x54, 0x0C, 0x1C, 0x2B, 0xED,
    0x02, 0x41, 0x35, 0xA0, 0xB8, 0x1D, 0x50, 0xF9, 0x29, 0x66, 0xB6, 0xD8, 0x6C, 0xE3, 0x87, 0x0A,
    0xF8, 0xFF, 0x0E, 0xFA, 0x17, 0xED, 0x78, 0x25, 0x05, 0xB8, 0x9B, 0x93, 0xC6, 0x70, 0xE0, 0x4B,
    0x1B, 0x1B, 0x35, 0x11, 0x9B, 0x65, 0x18, 0xCC, 0x27, 0xB0, 0xAB, 0x1C, 0xCE, 0xA8, 0x13, 0xE5,
    0xC6, 0x21, 0xDA, 0xFD, 0x65, 0xA7, 0x50, 0x2B, 0x09, 0x20, 0x29, 0x3D, 0x63, 0x47, 0x02, 0xEF,
    0x63, 0x96, 0x74, 0xAB, 0x55, 0xE0, 0xAB, 0xB5, 0xE4, 0xEF, 0xCC, 0x28, 0x49, 0x6E, 0x9E, 0xF0,
    0x33, 0x0A, 0x2A, 0x62, 0xA5, 0x60, 0xA1, 0xC5, 0xB0, 0xE6, 0xF2, 0x0B, 0xCC, 0x2C, 0x41, 0x9A,
    0x11, 0xF9, 0xC0, 0x19, 0x15, 0xC4, 0x85, 0x62, 0x6A, 0x0D, 0x7D, 0x01, 0xE7, 0x17, 0xA3, 0x9D,
    0x61, 0xC3, 0x15, 0x65, 0xF3, 0x3B, 0xCA, 0xCE, 0xB0, 0x51, 0xED, 0x8C, 0x8D, 0x1B, 0x9F, 0x72,
    0x64, 0x95, 0xAE, 0x2C, 0xE5, 0xDA, 0xC0, 0x8B, 0xB6, 0x11, 0xCF, 0xCE, 0xBF, 0x1B, 0xA7, 0x62,
    0xFC, 0xBD, 0xEA, 0xBA, 0xC1, 0xEF, 0x0B, 0x84, 0xFE, 0x3B, 0xEE, 0x08, 0x84, 0xCE, 0x2A, 0xD7,
    0x02, 0xBA, 0xE3, 0xF1, 0x14, 0x0A, 0x72, 0xFA, 0x14, 0xFD, 0xDE, 0x2F, 0xDD, 0xE2, 0xDE, 0xAA,
    0x1A, 0x21, 0xD8, 0xEF, 0xDA, 0xBA, 0x30, 0xE6, 0xA6, 0x1E, 0xA3, 0xD0, 0x97, 0x8A, 0x6D, 0x5F,
    0xC8, 0xAF, 0xF9, 0xC4, 0x9D, 0x41, 0x50, 0xE2, 0x09, 0xFE, 0x42, 0x3F, 0x41, 0x4E, 0x6C, 0x27,
    0x44, 0xE0, 0xAA, 0x9D, 0x54, 0x0A, 0xE8, 0x66, 0xEB, 0xD6, 0x5C, 0x4C, 0x28, 0x5E, 0xD3, 0xA7,
    0x37, 0xE4, 0x61, 0xDA, 0xFC, 0x91, 0xFC, 0x09, 0xD0, 0x8A, 0x8E, 0xD7, 0xC4, 0xE7, 0x6B, 0xD5,
    0x53, 0xD9, 0xA7, 0xF0, 0x92, 0xA7, 0x9A, 0x80, 0x9A, 0x49, 0x60, 0xC6, 0xC6, 0xE1, 0x61, 0x58,
    0xFF, 0xA4, 0x00, 0xFE, 0x0D, 0x40, 0x7F, 0x8F, 0xB9, 0x3B, 0xD2, 0x14, 0xB9, 0xF6, 0x24, 0x58,
    0x84, 0xC8, 0xAE, 0x9F, 0xA1, 0x2F, 0xA5, 0x37, 0xE2, 0x17, 0x1E, 0xA7, 0x8C, 0xFD, 0xA4, 0x18,
    0xEA, 0xB8, 0xD2, 0x18, 0x39, 0x30, 0x22, 0xCB, 0xC9, 0x09, 0x6F, 0x69, 0xA0, 0xB7, 0xC4, 0xD7,
    0xB9, 0xB7, 0x5A, 0xE4, 0x49, 0xC9, 0xBA, 0xDE, 0xC7, 0xE4, 0xB6, 0x3E, 0xC8, 0x3D, 0x0D, 0xE4,
    0x0F, 0x01, 0x70, 0x65, 0xD4, 0xD2, 0x60, 0xDB, 0x8F, 0xA1, 0x2E, 0x41, 0xF3, 0xA7, 0x3E, 0x28,
    0x25, 0x1B, 0xF4, 0x56, 0x1C, 0xED, 0x28, 0xB0, 0x19, 0x1E, 0xB9, 0xA9, 0xB1, 0x7C, 0xD9, 0x39,
    0x36, 0x4A, 0xE7, 0x56, 0x29, 0x9A, 0x39, 0x75, 0x94, 0xAE, 0xDE, 0xBA, 0x2C, 0x9D, 0xD8, 0x72,
    0x13, 0xFC, 0x67, 0xC6, 0x51, 0xCE, 0x38, 0xE4, 0x05, 0xFB, 0xD9, 0x63, 0xAE, 0x3D, 0xDF, 0x87,
    0xD3, 0xD9, 0x93, 0x31, 0x0C, 0xD0, 0x1F, 0xDF, 0x9E, 0x80, 0x2A, 0xBF, 0x0A, 0x76, 0x04, 0x05,
    0x9E, 0x50, 0x4E, 0xAC, 0x1E, 0x99, 0x16, 0xC2, 0xF9, 0x6A, 0xFE, 0x64, 0x0A, 0x5C, 0xA0, 0x57,
    0xCC, 0x96, 0x5B, 0x7A, 0xB4, 0xDE, 0xE0, 0x67, 0x11, 0x23, 0xB7, 0x17, 0x01, 0xAD, 0xB4, 0xA2,
    0x64, 0x5A, 0x73, 0x91, 0x8D, 0xF3, 0xCB, 0x99, 0x60, 0x97, 0x74, 0x1D, 0x01, 0xD1, 0x16, 0x9E,
    0xFF, 0x0B, 0x0E, 0x5A, 0xA1, 0xCE, 0x98, 0x97, 0x7A, 0x5A, 0xC6, 0x0B, 0x2C, 0xF5, 0x55, 0x95,
    0x12, 0xA7, 0xDC, 0xB1, 0x6A, 0x08, 0xCD, 0xC0, 0x84, 0xEB, 0x41, 0x10, 0x97, 0xA0, 0x9A, 0x10,
    0x98, 0x60, 0xE3, 0x27, 0x69, 0xF0, 0x32, 0x8A, 0xFD, 0xAC, 0x25, 0x3A, 0xF5, 0xAD, 0x7E, 0xEB,
    0x80, 0x22, 0xD7, 0x48, 0xE5, 0x79, 0x17, 0xBE, 0x35, 0x9D, 0x7C, 0x48, 0xD5, 0x4C, 0xDF, 0xFA,
    0x6F, 0x11, 0x68, 0x1B, 0xA9, 0x91, 0x3F, 0xA1, 0x9C, 0x05, 0x4F, 0xD8, 0xF6, 0x63, 0xAF, 0x73,
    0xDC, 0x13, 0x0F, 0xE7, 0x1E, 0xFF, 0x0D, 0x8D, 0xC0, 0x07, 0xCC, 0x09, 0xCB, 0x9F, 0xCE, 0x31,
    0x41, 0xAC, 0x16, 0xB1, 0x19, 0x24, 0x59, 0xAB, 0xF9, 0x3E, 0xC2, 0x5C, 0xA9, 0x1E, 0x25, 0xDC,
    0x45, 0x3D, 0x26, 0x9C, 0x78, 0xE3, 0xE2, 0xC2, 0x51, 0xAF, 0x45, 0x62, 0x08, 0x36, 0x01, 0x7B,
    0xCC, 0x31, 0x10, 0x2F, 0x09, 0x1F, 0x04, 0x19, 0x5E, 0x20, 0xCC, 0x66, 0xBD, 0xC0, 0xAD, 0xBA,
    0x32, 0xDA, 0x06, 0xF2, 0xD9, 0xBD, 0xC8, 0x66, 0x2E, 0xB9, 0xEC, 0x9E, 0x65, 0x32, 0x43, 0x83,
    0xB8, 0x9B, 0xCA, 0xB7, 0xAD, 0x68, 0x7F, 0x1F, 0xB2, 0x8A, 0x45, 0xBF, 0x06, 0x1A, 0x12, 0x27,
    0x94, 0xDA, 0x3A, 0x35, 0x67, 0x73, 0xAA, 0xC5, 0x28, 0x1B, 0x6A, 0x35, 0x02, 0x6B, 0x6E, 0x6E,
    0xB0, 0xC3, 0x90, 0x23, 0xD6, 0x85, 0x67, 0xF1, 0x1C, 0xB8, 0xD2, 0x64, 0x2B, 0x9B, 0x8F, 0x38,
    0x6E, 0x74, 0xDB, 0x7E, 0x1E, 0x31, 0x18, 0xB0, 0xAE, 0x1E, 0x49, 0x36, 0x9A, 0x6E, 0x06, 0x7A,
    0x5B, 0xAB, 0x6D, 0xC9, 0x53, 0x24, 0x82, 0x26, 0xA8, 0x4F, 0xAA, 0x41, 0x88, 0x57, 0x2A, 0xC0,
    0x4B, 0x36, 0x9F, 0x33, 0x23, 0xCD, 0xD7, 0x93, 0xC9, 0x24, 0x07, 0x03, 0x6B, 0x0F, 0xA7, 0x2E,
    0x62, 0xC7, 0xBE, 0xE1, 0x7C, 0x1E, 0x4C, 0x42, 0xC0, 0x52, 0x71, 0x0A, 0xCD, 0xFD, 0x97, 0xE3,
    0x6B, 0x34, 0x11, 0x06, 0xD7, 0x1E, 0x99, 0x5F, 0x0C, 0x8B, 0xB8, 0x38, 0xB1, 0x65, 0x7E, 0x38,
    0x1F, 0xA0, 0x3B, 0x8B, 0x69, 0x0B, 0x2A, 0x21, 0x5A, 0xBE, 0x8F, 0x57, 0x49, 0x0A, 0x23, 0xEA,
    0x2E, 0xFD, 0xC9, 0x07, 0x3C, 0xF2, 0x6A, 0x0D, 0x60, 0x76, 0x7A, 0xCD, 0xF6, 0xFA, 0x44, 0x2F,
    0xFA, 0x26, 0x5C, 0xAC, 0x80, 0x59, 0xD4, 0x2B, 0xFC, 0x81, 0xAE, 0xA8, 0xB5, 0x17, 0xEE, 0x9A,
    0x90, 0xA3, 0x28, 0x4C, 0x2D, 0x35, 0xF6, 0x78, 0x8D, 0x0B, 0xDD, 0x7E, 0x61, 0xA5, 0xB8, 0x76,
    0x1D, 0x42, 0xB4, 0x16, 0x61, 0xD9, 0x09, 0x25, 0xBE, 0x90, 0xE3, 0xEC, 0xA4, 0xF8, 0x29, 0xC9,
    0x01, 0x74, 0x30, 0x7D, 0xC2, 0x2F, 0x42, 0x96, 0x73, 0x0C, 0x32, 0x61, 0x11, 0xBE, 0x9C, 0xB3,
    0x7B, 0x78, 0xD8, 0x44, 0x5A, 0xF3, 0x0E, 0xC0, 0x5C, 0x7F, 0x40, 0xB7, 0x71, 0x69, 0xB2, 0x5F,
    0x7C, 0x78, 0xBF, 0x37, 0x70, 0xAE, 0x18, 0x56, 0x8E, 0x1B, 0xE9, 0xE8, 0xF7, 0x49, 0x5E, 0xB9,
    0xCC, 0x5E, 0x27, 0x13, 0xD7, 0x2A, 0x8B, 0x3B, 0xE9, 0x38, 0x89, 0xA3, 0x08, 0xDB, 0x63, 0x97,
    0x9E, 0x9B, 0x1E, 0x06, 0x2F, 0xA2, 0x3A, 0x8B, 0x07, 0x4B, 0x5A, 0xD7, 0x8E, 0xF0, 0x22, 0xE6,
    0x4E, 0xC3, 0xAC, 0xBD, 0x8F, 0xF1, 0x92, 0x58, 0xBB, 0xF4, 0x4A, 0x49, 0x4B, 0x64, 0xAE, 0x75,
    0xE9, 0xCC, 0x3F, 0x53, 0xDD, 0x5E, 0xC5, 0x96, 0x70, 0x55, 0x3B, 0xDA, 0x72, 0x62, 0x88, 0xE0,
    0xF8, 0xA4, 0x3B, 0x4C, 0x60, 0xA9, 0x7C, 0x27, 0x28, 0xB3, 0xF2, 0xA1, 0x91, 0xF1, 0x17, 0x60,
    0xBA, 0x36, 0xE6, 0x93, 0xFD, 0x42, 0xF9, 0xF6, 0xB2, 0xA8, 0x8B, 0xAB, 0x11, 0x4B, 0xB2, 0x3C,
    0xAC, 0x2D, 0xBC, 0x4B, 0x02, 0x10, 0x77, 0x45, 0xCE, 0xB8, 0xE8, 0xFF, 0x0A, 0x6F, 0x90, 0xB8,
    0xFE, 0x2D, 0x5E, 0x5C, 0xAF, 0xC2, 0xC8, 0xF3, 0x76, 0x16, 0x8B, 0xBA, 0x2B, 0x35, 0xCB, 0x92,
    0xB5, 0x1B, 0x0B, 0x9D, 0xD5, 0xA2, 0x15, 0x2D, 0x8E, 0x4B, 0x30, 0xEB, 0xAA, 0x94, 0x4C, 0x94,
    0xC3, 0xDD, 0xF5, 0x0E, 0x7A, 0x6D, 0x7B, 0x6D, 0x58, 0xE4, 0x4A, 0x65, 0x5E, 0xE3, 0x6B, 0xAC,
    0x61, 0xAD, 0x00, 0x2B, 0x19, 0xF9, 0xCA, 0x8F, 0x1F, 0x9F, 0x89, 0xD4, 0xA0, 0x18, 0xDA, 0x4F,
    0x39, 0x43, 0xBF, 0x21, 0x51, 0xB0, 0xD3, 0x5C, 0xE7, 0xEB, 0x5D, 0xEA, 0x61, 0x29, 0x13, 0x29,
    0xFA, 0x62, 0x29, 0x26, 0x33, 0x03, 0xA7, 0x51, 0x17, 0x18, 0x5D, 0xF6, 0xCB, 0xDA, 0x6B, 0x89,
    0x4E, 0x01, 0xE0, 0xB5, 0xE4, 0x3A, 0xA8, 0x2F, 0xAE, 0x8C, 0x63, 0x96, 0x56, 0x97, 0x78, 0x80,
    0xB5, 0xFF, 0xCB, 0x0E, 0x1F, 0xE6, 0x09, 0xFF, 0xBB, 0x53, 0x0C, 0x9B, 0x02, 0x0A, 0x0B, 0x24,
    0x6C, 0x6E, 0x32, 0xD7, 0xEE, 0x64, 0xB2, 0x59, 0x8C, 0x4B, 0x17, 0xA2, 0x7A, 0x39, 0x94, 0x2D,
    0x6E, 0xDF, 0xB1, 0x4D, 0x5D, 0xFB, 0xE9, 0xBB, 0x65, 0xC0, 0xA3, 0x4F, 0x0B, 0x47, 0x25, 0x1E,
    0xA1, 0x92, 0x4A, 0x0E, 0x65, 0x86, 0x3B, 0x1D, 0xBA, 0xF8, 0xC5, 0xD9, 0x0C, 0xA4, 0x48, 0x2C,
    0x23, 0x79, 0xD7, 0x5D, 0x86, 0x49, 0x9A, 0x19, 0x07, 0x3C, 0x77, 0x70, 0x76, 0xAB, 0xE5, 0xE8,
    0x56, 0xD3, 0xC9, 0x6D, 0x0B, 0x07, 0x37, 0x33, 0x61, 0x33, 0xC7, 0x9A, 0x22, 0x3F, 0x2A, 0xF8,
    0x23, 0x47, 0xAF, 0x92, 0x2E, 0x52, 0xE1, 0x4D, 0xFA, 0x48, 0x00, 0x9D, 0x1D, 0x74, 0xCB, 0x48,
    0x8A, 0x57, 0xFA, 0x17, 0x39, 0x0B, 0x29, 0xDF, 0x76, 0x54, 0x4F, 0x4C, 0x4A, 0x8F, 0x8F, 0x8E,
    0x75, 0x71, 0xC2, 0x13, 0xD6, 0x8F, 0xA3, 0x70, 0xB9, 0x84, 0xE5, 0x74, 0x6F, 0xC4, 0xAF, 0x45,
    0x07, 0x29, 0xB3, 0x54, 0x83, 0x96, 0x36, 0x9E, 0xA8, 0x4A, 0x62, 0x32, 0xFD, 0xD1, 0xC4, 0xA5,
    0x3E, 0x74, 0xB5, 0x51, 0xE1, 0xA0, 0x85, 0x31, 0xF5, 0x80, 0x09, 0x86, 0x75, 0x97, 0x87, 0x96,
    0x7E, 0x31, 0x12, 0x4E, 0x0E, 0x25, 0xD9, 0xDF, 0x11, 0x12, 0x88, 0x34, 0x7C, 0x1D, 0x62, 0x38,
    0x31, 0xCF, 0x61, 0x35, 0xE4, 0x36, 0xE7, 0x08, 0x96, 0xEE, 0x54, 0x82, 0x05, 0xAA, 0xED, 0x9B,
    0xF8, 0xB6, 0x26, 0x84, 0xA7, 0xF1, 0xE4, 0xD6, 0x00, 0xA0, 0x1B, 0xD4, 0x9C, 0x20, 0xC6, 0xD2,
    0x10, 0x01, 0x4A, 0xD9, 0x3A, 0xB3, 0x29, 0x2B, 0x30, 0x7F, 0x0C, 0x3B, 0x12, 0x2E, 0x36, 0x6F,
    0xCB, 0x41, 0x2D, 0x25, 0xD3, 0x94, 0xF7, 0xA5, 0x1C, 0x37, 0xC5, 0x3D, 0x55, 0x3C, 0x9C, 0x04,
    0x7D, 0x3C, 0x54, 0x53, 0x30, 0x12, 0x9A, 0xD2, 0x50, 0x5B, 0x5E, 0x91, 0xCA, 0x17, 0x92, 0x0F,
    0x39, 0xC0, 0x62, 0x9B, 0x96, 0x70, 0x20, 0x3A, 0x77, 0x2A, 0x93, 0x20, 0x2D, 0x4B, 0xEA, 0x0D,
    0x3A, 0x47, 0xA3, 0xA7, 0x36, 0x12, 0xB0, 0xEC, 0x1D, 0x5D, 0x17, 0x61, 0xD2, 0x18, 0x02, 0x73,
    0x10, 0xB9, 0x9F, 0x74, 0xC8, 0xD3, 0x50, 0xA8, 0xB5, 0x2B, 0x3B, 0x8A, 0x77, 0x6A, 0xFC, 0xB8,
    0x8C, 0x62, 0x71, 0x5B, 0x46, 0x3E, 0xCB, 0xCC, 0x91, 0xF3, 0x79, 0xE2, 0x4F, 0xDF, 0x5D, 0x69,
    0x6E, 0x69, 0x25, 0x8E, 0x42, 0x41, 0x97, 0x9B, 0x26, 0x3F, 0x0A, 0xEF, 0x6D, 0x8D, 0xE1, 0xFA,
    0x53, 0x98, 0xF3, 0xA4, 0x84, 0xBA, 0x8A, 0x76, 0x5F, 0x07, 0x3E, 0x90, 0x87, 0xDA, 0xB0, 0x0B,
    0x7A, 0xC1, 0x25, 0x6A, 0x37, 0x10, 0x2F, 0x99, 0xDF, 0xE1, 0x5D, 0x07, 0xE6, 0x6C, 0x5A, 0x0A,
    0x81, 0x09, 0xC8, 0x6B, 0x0A, 0xCF, 0x2C, 0x3F, 0xD2, 0x35, 0x3B, 0x41, 0xD2, 0xC5, 0xB7, 0x8A,
    0x03, 0x15, 0x0F, 0xF2, 0x80, 0xF1, 0xAE, 0x68, 0x3E, 0x5E, 0xC2, 0x2C, 0x5E, 0xFB, 0x09, 0x3B,
    0x71, 0xA7, 0x0F, 0x15, 0x43, 0x7A, 0x09, 0x65, 0x98, 0x3C, 0x60, 0x0C, 0x4C, 0xEB, 0x08, 0x27,
    0x99, 0xFB, 0xEC, 0x82, 0xAB, 0x82, 0xDE, 0x07, 0x14, 0xFE, 0xCA, 0xF6, 0x1E, 0x06, 0xC7, 0x61,
    0x2A, 0x5C, 0x26, 0xF1, 0x14, 0x76, 0xB7, 0xB4, 0x0C, 0x80, 0x28, 0x63, 0x39, 0x9E, 0xC7, 0xB6,
    0xDD, 0x16, 0x1E, 0xCE, 0x7D, 0x78, 0xF5, 0x12, 0xEB, 0xBE, 0xAC, 0x65, 0xA2, 0xF4, 0x8C, 0x6B,
    0xC8, 0xB5, 0xAD, 0xC7, 0x99, 0xFF, 0xEF, 0xC8, 0xDD, 0x95, 0x76, 0x76, 0x96, 0xD4, 0x0D, 0xF1,
    0x42, 0xF9, 0xAC, 0x76, 0x3C, 0xBA, 0x0A, 0x98, 0xBD, 0xC0, 0x9F, 0xAA, 0x64, 0x24, 0x7C, 0xDA,
    0x7C, 0xEE, 0xA7, 0x04, 0xFA, 0x0A, 0x4E, 0xF1, 0x0F, 0xF4, 0xC2, 0xD0, 0x50, 0xC6, 0xB3, 0xD5,
    0xE2, 0xD3, 0x07, 0x04, 0x82, 0x97, 0x49, 0x0C, 0xF6, 0x15, 0x87, 0xB2, 0x5C, 0xE9, 0xE9, 0x29,
    0xC9, 0xC0, 0x10, 0x10, 0xF0, 0x17, 0xC4, 0xB8, 0xC9, 0x22, 0xB5, 0x34, 0xD3, 0xD8, 0xFC, 0x8F,
    0xE1, 0x22, 0x3B, 0x7A, 0x82, 0x97, 0x5F, 0xB5, 0x78, 0x65, 0x40, 0x15, 0xAC, 0x13, 0x35, 0xAE,
    0x52, 0xB5, 0x28, 0x61, 0xB7, 0x5A, 0x6D, 0x33, 0x8F, 0x39, 0xEF, 0xD2, 0x39, 0xCF, 0x1D, 0xCD,
    0x13, 0x1E, 0x1B, 0xD9, 0x0C, 0x2D, 0xF8, 0x64, 0xFE, 0x4B, 0x9F, 0xD7, 0x7A, 0xA8, 0x45, 0x35,
    0x49, 0xF0, 0x54, 0x29, 0x9C, 0x32, 0x74, 0x57, 0x00, 0xC6, 0x06, 0x51, 0xEF, 0x5F, 0x02, 0xCE,
    0x82, 0x47, 0xDE, 0x0F, 0x2C, 0x42, 0x01, 0x76, 0x02, 0x4B, 0xC8, 0xA6, 0x66, 0xA8, 0xB5, 0x85,
    0xC7, 0x15, 0xF3, 0x22, 0x32, 0x64, 0xA7, 0xC0, 0xC9, 0x83, 0x96, 0xAA, 0xEE, 0xA0, 0x2D, 0x43,
    0xCC, 0x9D, 0x2D, 0xD9, 0xF3, 0xE8, 0x60, 0x1F, 0xAA, 0x8F, 0xB2, 0xD8, 0x6F, 0x31, 0xCD, 0xA8,
    0x7B, 0x99, 0xC4, 0x73, 0x0C, 0xA3, 0x7F, 0x16, 0x4F, 0x02, 0xCC, 0x15, 0x14, 0xDD, 0xB6, 0x70,
    0x93, 0xDC, 0x61, 0x70, 0xB4, 0xDB, 0x2A, 0x6C, 0x18, 0xA4, 0x72, 0x44, 0x91, 0x2C, 0x75, 0x20,
    0x36, 0xA1, 0xA1, 0x53, 0xF4, 0xED, 0xAC, 0xE8, 0x9C, 0xA5, 0x6F, 0xB2, 0x23, 0x24, 0x3A, 0x3F,
    0xF6, 0x84, 0x2B, 0x24, 0x8F, 0x98, 0xCB, 0x95, 0x62, 0x65, 0x8E, 0x59, 0x8C, 0x9B, 0xDA, 0x5E,
    0xF5, 0xE4, 0xE1, 0x39, 0x58, 0x3E, 0x75, 0x6A, 0x08, 0x1C, 0x76, 0xE3, 0x1B, 0xBC, 0x88, 0x6A,
    0x43, 0x90, 0x50, 0xCF, 0x41, 0x0C, 0x32, 0x44, 0x15, 0x9B, 0x64, 0x29, 0x88, 0x57, 0x59, 0x2B,
    0xA7, 0xEE, 0x1D, 0x6F, 0xD0, 0x6B, 0xBB, 0xE2, 0xC4, 0xA4, 0x35, 0x60, 0xBD, 0x68, 0x25, 0x5F,
    0x47, 0xFE, 0xE4, 0x49, 0x4A, 0x4B, 0xEB, 0xE9, 0xEA, 0x12, 0xF6, 0x87, 0x96, 0x95, 0xDD, 0xE2,
    0x65, 0x54, 0xFE, 0xC8, 0x7B, 0xCB, 0xFC, 0x4B, 0x60, 0x4E, 0x0B, 0xE9, 0x36, 0xDF, 0x9E, 0x30,
    0x62, 0xB2, 0x99, 0xA7, 0x8B, 0x13, 0x28, 0x61, 0x79, 0x90, 0xD1, 0xBF, 0x2D, 0x0F, 0x83, 0x91,
    0x8D, 0x77, 0x45, 0x00, 0x03, 0x7C, 0x79, 0x49, 0x17, 0xD4, 0x21, 0x18, 0x3F, 0x8A, 0x0A, 0x0C,
    0x14, 0xEB, 0x9A, 0x4E, 0xC3, 0xA1, 0xA5, 0x56, 0xE6, 0x8F, 0x30, 0x0D, 0x91, 0xCC, 0xE5, 0xE5,
    0x6E, 0xF0, 0xCF, 0x2A, 0xCF, 0xE4, 0x39, 0x24, 0x16, 0xFE, 0x95, 0x87, 0xD1, 0xC0, 0x69, 0x1D,
    0xC5, 0x16, 0x0A, 0x53, 0xE8, 0xB0, 0xA4, 0xD3, 0x52, 0x24, 0xB1, 0x16, 0x38, 0x06, 0xAF, 0x2C,
    0x1B, 0x33, 0x0F, 0x31, 0xD6, 0xF5, 0x0C, 0x2A, 0x8D, 0x74, 0x09, 0x73, 0x0A, 0x3B, 0xE2, 0x88,
    0xC4, 0x27, 0xDE, 0x63, 0x3A, 0x29, 0xC2, 0xEF, 0x12, 0x55, 0x70, 0x5B, 0x73, 0x37, 0x8B, 0x5F,
    0x63, 0x56, 0xA3, 0x67, 0x50, 0x0F, 0x9E, 0x42, 0x90, 0xCE, 0x56, 0x93, 0x20, 0xCD, 0x51, 0xA1,
    0xB3, 0x3A, 0xB5, 0x4F, 0x24, 0x05, 0x59, 0x3A, 0xB4, 0x76, 0xD9, 0x31, 0x39, 0xB6, 0xB0, 0x7F,
    0x4B, 0x7F, 0x21, 0xA5, 0x43, 0x29, 0x43, 0x17, 0x94, 0xEE, 0x50, 0x69, 0x09, 0x5F, 0xF4, 0xAC,
    0x21, 0x8C, 0xDE, 0xD5, 0xC1, 0x98, 0x2D, 0xEC, 0x41, 0x5F, 0x55, 0xD8, 0xE8, 0x57, 0x9F, 0x39,
    0x1A, 0x70, 0x45, 0xB9, 0x47, 0x6D, 0x8E, 0x8F, 0x1B, 0x3E, 0x0B, 0x8B, 0xB0, 0x2C, 0x92, 0x88,
    0x49, 0x11, 0xF2, 0x2D, 0xE5, 0x68, 0x50, 0xF0, 0xCC, 0x35, 0x64, 0xF6, 0xE9, 0xA3, 0x80, 0xD1,
    0xAA, 0xA1, 0xD1, 0xBB, 0x6A, 0xEA, 0x72, 0x4B, 0xD5, 0x41, 0x40, 0xFA, 0x5B, 0x39, 0x01, 0xB8,
    0x38, 0xDD, 0x40, 0xD5, 0x6F, 0x1A, 0xB1, 0x68, 0x4D, 0x53, 0xDB, 0x0F, 0xF4, 0x6C, 0x68, 0x59,
    0x6A, 0xE1, 0x4B, 0xEF, 0x31, 0xB6, 0x4C, 0xDC, 0xCC, 0xF7, 0x92, 0xA3, 0x57, 0x0F, 0x03, 0x03,
    0x42, 0xC0, 0x72, 0xC0, 0x63, 0x5A, 0x64, 0xE7, 0xB7, 0x29, 0xD5, 0xFF, 0x14, 0x0F, 0x5E, 0x34,
    0xCE, 0xCC, 0xCF, 0x4C, 0xA4, 0xF3, 0x11, 0x4F, 0x45, 0x97, 0xC1, 0x26, 0xFE, 0x4D, 0x10, 0x2C,
    0xD9, 0x95, 0x84, 0xB0, 0xE8, 0x32, 0x6F, 0xD8, 0xEB, 0xD1, 0x79, 0x80, 0xA2, 0xEE, 0x6A, 0x6D,
    0xE4, 0xA9, 0x9C, 0x86, 0x3D, 0xF5, 0x5C, 0xDB, 0xDC, 0x26, 0xF4, 0xAA, 0x4C, 0x8C, 0xE9, 0x0C,
    0xE5, 0x48, 0x75, 0x25, 0xD1, 0x30, 0x06, 0x5C, 0xBE, 0x2F, 0x2A, 0xB5, 0xAA, 0x82, 0x33, 0x95,
    0xB2, 0xB6, 0xC0, 0xCC, 0xD2, 0x63, 0x93, 0x26, 0xF6, 0xAF, 0xE3, 0xC8, 0xC0, 0x22, 0x4E, 0x0F,
    0x57, 0x8B, 0xEC, 0x45, 0xAD, 0xA5, 0x40, 0x45, 0x9B, 0x86, 0x89, 0x52, 0x9C, 0xBC, 0x38, 0xEC,
    0xBE, 0xEC, 0x52, 0xD7, 0x60, 0xC2, 0x31, 0x66, 0xEC, 0xA5, 0x67, 0x7C, 0x37, 0x2D, 0xD0, 0xFC,
    0xAD, 0x8E, 0xD6, 0xE2, 0xD3, 0x89, 0x81, 0x71, 0x06, 0x5E, 0x44, 0x9B, 0xE6, 0x01, 0x9C, 0x04,
    0x57, 0x6B, 0x4B, 0xEF, 0xB9, 0xDC, 0x33, 0xED, 0x4A, 0x18, 0x69, 0xD2, 0x2D, 0x59, 0x68, 0x9A,
    0xB6, 0x28, 0xD2, 0x60, 0xBE, 0xCC, 0x6E, 0x1B, 0xE7, 0x6F, 0xF1, 0xF8, 0x74, 0x8A, 0x4E, 0x0F,
    0x94, 0x91, 0xF8, 0x16, 0xB6, 0x50, 0x8F, 0x86, 0x8E, 0xB2, 0x29, 0x5E, 0xF2, 0x9D, 0xB0, 0x13,
    0x37, 0xEF, 0x1A, 0xF3, 0x3F, 0x60, 0x3E, 0x4B, 0x3F, 0xF1, 0x66, 0xD0, 0x8D, 0x2E, 0x0B, 0x28,
    0x6D, 0x9E, 0xBA, 0xAF, 0x35, 0xB3, 0x74, 0x45, 0x19, 0x83, 0x1C, 0x76, 0xAB, 0xE4, 0x7C, 0x2E,
    0x0F, 0xC1, 0xD5, 0xAE, 0x1B, 0x55, 0x72, 0x15, 0xD7, 0x89, 0xC8, 0xB5, 0xA4, 0x0C, 0xB1, 0x02,
    0xA9, 0x8E, 0xD0, 0xAD, 0x0B, 0x69, 0xF3, 0x88, 0x5D, 0x03, 0xB2, 0x9E, 0x16, 0x44, 0x0D, 0xE4,
    0x55, 0x92, 0x0C, 0x94, 0x1E, 0x60, 0x7A, 0x9B, 0x9D, 0x38, 0x1A, 0xB7, 0x77, 0xF1, 0xF5, 0xA7,
    0x5D, 0xE2, 0x44, 0xEF, 0xCC, 0x04, 0xAB, 0x76, 0x4E, 0xB5, 0x16, 0xD4, 0x66, 0xF5, 0x09, 0xA9,
    0x90, 0x00, 0x2C, 0x01, 0xF3, 0x44, 0x52, 0x14, 0x0E, 0x4E, 0x98, 0x35, 0x82, 0x4E, 0x65, 0x41,
    0x98, 0x4A, 0x58, 0x05, 0x17, 0x06, 0x86, 0xA7, 0xAC, 0xAA, 0x25, 0x9C, 0xB1, 0x1A, 0x9D, 0x51,
    0x26, 0x9F, 0xD0, 0x90, 0x3B, 0xBC, 0x22, 0x9B, 0xA1, 0xC3, 0x60, 0x6D, 0x59, 0x16, 0x0B, 0x0B,
    0x51, 0xB6, 0x60, 0x0C, 0xFA, 0xB8, 0x4C, 0xB0, 0x9B, 0x89, 0xA3, 0x9B, 0xF0, 0x75, 0x72, 0x42,
    0x71, 0xB0, 0xF5, 0x12, 0x3D, 0xC4, 0xD5, 0x88, 0x7C, 0xD0, 0x1E, 0xA5, 0x31, 0xA9, 0x55, 0xAC,
    0x0D, 0x9A, 0x2D, 0x3A, 0xF1, 0xA3, 0x03, 0xB4, 0xB1, 0x7C, 0x37, 0xB0, 0xA8, 0xF5, 0x6E, 0xF4,
    0x37, 0x0C, 0xE2, 0xFB, 0x14, 0xDC, 0xB2, 0xD8, 0xFF, 0x54, 0x52, 0x23, 0x26, 0x96, 0xEC, 0x13,
    0xC5, 0x19, 0x4E, 0x96, 0xDF, 0x88, 0x61, 0x95, 0x3B, 0x3D, 0xC3, 0x73, 0x67, 0xC3, 0xB4, 0x0D,
    0x38, 0x0E, 0x36, 0x56, 0xE6, 0x71, 0xB3, 0xB1, 0xBF, 0x8D, 0xBA, 0xF7, 0x51, 0xE9, 0xE6, 0x6F,
    0xD3, 0xDD, 0x06, 0x3B, 0xAA, 0x08, 0x25, 0x92, 0x30, 0xC8, 0xBD, 0x3D, 0x34, 0xDF, 0x8E, 0x0A,
    0x97, 0x0E, 0xCA, 0xCF, 0x99, 0x78, 0x1D, 0xF1, 0x83, 0xB6, 0x9A, 0x04, 0xD3, 0x9E, 0xE0, 0xD7,
    0x6C, 0x56, 0x68, 0x15, 0x3C, 0x29, 0x81, 0x8C, 0x95, 0xEB, 0x14, 0x93, 0xFB, 0x5D, 0xA7, 0xA4,
    0x79, 0xDF, 0x62, 0x26, 0x5F, 0x36, 0xCF, 0x7F, 0x09, 0x46, 0x1F, 0xE2, 0xF1, 0x27, 0x58, 0x47,
    0xEF, 0xDE, 0xBF, 0x78, 0xAB, 0x4C, 0x36, 0x14, 0xC6, 0xE9, 0x6A, 0xFD, 0xE9, 0xC3, 0xBB, 0xB7,
    0xDD, 0x94, 0x84, 0xBD, 0xF0, 0xF2, 0x16, 0xC5, 0x34, 0x20, 0x92, 0x13, 0xD9, 0x8B, 0xC4, 0xE2,
    0x43, 0x52, 0x43, 0x15, 0x09, 0x6E, 0x30, 0xA4, 0x87, 0x38, 0x92, 0x99, 0x1F, 0xA1, 0xB0, 0x4C,
    0x68, 0xCC, 0xB1, 0xD8, 0x0D, 0x25, 0x2E, 0xFF, 0x93, 0xBE, 0x7D, 0xFD, 0xEC, 0xFD, 0x24, 0xED,
    0x22, 0xA0, 0xC3, 0xFE, 0x08, 0x5B, 0x32, 0xD7, 0x61, 0xE1, 0x23, 0xFB, 0xC6, 0x37, 0x92, 0xB5,
    0x91, 0x5F, 0xFF, 0x1F, 0xD5, 0x13, 0x6B, 0x6E, 0x97, 0x8A, 0xE2, 0x11, 0x17, 0xD1, 0x9F, 0xC2,
    0xCF, 0xD6, 0x4F, 0xBC, 0x8F, 0x3F, 0xD3, 0x39, 0x3F, 0x43, 0x09, 0xB2, 0xF6, 0xDD, 0x65, 0xE4,
    0x87, 0x8B, 0xA6, 0x79, 0xB3, 0xE0, 0x2A, 0x41, 0x79, 0xEC, 0xC7, 0x1F, 0x5E, 0x73, 0xFF, 0x12,
    0xB6, 0x4A, 0xE1, 0xB9, 0x85, 0xA0, 0xF5, 0xD2, 0x7E, 0x89, 0x43, 0x8A, 0x2F, 0x91, 0xBC, 0xDF,
    0x9D, 0x25, 0xC1, 0x25, 0x14, 0x06, 0xF0, 0xD2, 0x4B, 0x3C, 0x3A, 0xE4, 0x76, 0xCE, 0x8B, 0x20,
    0x5D, 0xEE, 0x0D, 0xF2, 0x35, 0xF3, 0xD5, 0x67, 0xC9, 0x13, 0x24, 0x8B, 0x5F, 0x7D, 0x78, 0xC7,
    0x05, 0xF9, 0x36, 0x97, 0x73, 0x7B, 0x3B, 0x5E, 0xBF, 0x07, 0x12, 0x3E, 0xA0, 0xE8, 0x42, 0x82,
    0x48, 0xA7, 0x32, 0xD2, 0x62, 0xC0, 0x81, 0x24, 0xC1, 0x55, 0xFC, 0x49, 0x1A, 0x08, 0xF4, 0xA1,
    0xED, 0xD2, 0x95, 0xF0, 0xE4, 0xC5, 0xA5, 0x27, 0x31, 0x82, 0xC5, 0x62, 0xEF, 0x32, 0x9F, 0x1D,
    0x55, 0xFC, 0x56, 0x8F, 0x29, 0xB0, 0x93, 0xB9, 0xD9, 0xBF, 0xCE, 0x31, 0x05, 0x1F, 0x95, 0x38,
    0xA9, 0xB8, 0xFB, 0x29, 0xC5, 0x06, 0x3D, 0x70, 0x55, 0xD8, 0xF0, 0x94, 0x82, 0x31, 0x5D, 0x7E,
    0x54, 0x41, 0xBE, 0x2D, 0x5B, 0x9C, 0x54, 0x30, 0x20, 0x71, 0xE6, 0x77, 0x44, 0xE1, 0xE6, 0x03,
    0x1F, 0x56, 0x20, 0xFF, 0x44, 0xAA, 0x23, 0xAB, 0xF6, 0x03, 0x33, 0x43, 0xF9, 0xE0, 0xA3, 0xC6,
    0xB1, 0x47, 0xDB, 0xED, 0xE7, 0xBB, 0xCD, 0x01, 0xC8, 0xA0, 0xB7, 0x7F, 0xF4, 0x3F, 0xC6, 0x01,
    0xC8, 0x96, 0xD3, 0x53, 0x7F, 0x92, 0xF0, 0x34, 0x45, 0x99, 0x00, 0x6B, 0x2E, 0xC0, 0x72, 0x22,
    0xD6, 0x0E, 0x58, 0x9A, 0x77, 0x3C, 0x5A, 0xB1, 0x09, 0x06, 0x48, 0xB7, 0x2B, 0x15, 0x4A, 0xD7,
    0x7B, 0x1E, 0x5C, 0x85, 0x94, 0x5D, 0x4A, 0x06, 0x66, 0x26, 0xF9, 0xA4, 0xAB, 0x57, 0x11, 0xD7,
    0x12, 0x10, 0xBC, 0xA8, 0xDA, 0xF3, 0x2F, 0x51, 0x76, 0x1F, 0x7A, 0xDC, 0x4C, 0xA3, 0x1F, 0x3D,
    0xE5, 0xA6, 0xFE, 0x56, 0xDB, 0x9A, 0x40, 0xF3, 0xCE, 0xBC, 0x42, 0xBF, 0x60, 0x6E, 0x5B, 0x9E,
    0x61, 0x83, 0x86, 0xAB, 0xEB, 0x55, 0x2D, 0xE1, 0x11, 0xC1, 0x61, 0x69, 0x0B, 0x28, 0xA4, 0x3E,
    0xEC, 0x73, 0xDB, 0xC1, 0x8E, 0x2C, 0x11, 0x4F, 0xB9, 0xB9, 0x89, 0x77, 0xB0, 0x5D, 0xC2, 0xA5,
    0x54, 0x6E, 0xA6, 0x65, 0x3B, 0x64, 0xBD, 0x6F, 0x17, 0x03, 0x51, 0x05, 0x4D, 0xB5, 0x4E, 0x4D,
    0xFA, 0x64, 0xC9, 0x26, 0xB5, 0xD3, 0xA3, 0x66, 0xEF, 0xEB, 0xAD, 0x01, 0x2E, 0xC7, 0x99, 0x49,
    0xED, 0x77, 0x80, 0x57, 0xBE, 0x80, 0xEC, 0xCB, 0x65, 0xBD, 0x83, 0x26, 0x3C, 0x23, 0x69, 0xE4,
    0xEF, 0xE5, 0x80, 0xF2, 0x0E, 0x1C, 0xAE, 0x0E, 0x7F, 0x13, 0x67, 0x9D, 0xF2, 0x49, 0x67, 0xBB,
    0x0C, 0x2B, 0xBF, 0x95, 0x93, 0xCF, 0x3A, 0xA4, 0xBB, 0xD9, 0xC1, 0x67, 0x0D, 0xDA, 0xBD, 0xB7,
    0x73, 0x4F, 0x0B, 0x0F, 0xBF, 0xF8, 0xC0, 0xB9, 0xB4, 0xC4, 0x87, 0x31, 0xE4, 0x27, 0x17, 0x0C,
    0xC8, 0xA7, 0xB8, 0x55, 0x88, 0x05, 0xBB, 0xE4, 0xC8, 0xD0, 0xCE, 0xE3, 0x81, 0xFA, 0xED, 0xB5,
    0xF7, 0x6F, 0x9E, 0xB6, 0x95, 0xB8, 0xF0, 0x7B, 0x3F, 0x5F, 0xFD, 0x3E, 0x8E, 0x3F, 0x81, 0x62,
    0x0B, 0x1A, 0x64, 0x4E, 0x7C, 0xC2, 0xEA, 0x9E, 0xD2, 0x05, 0xA2, 0xA4, 0xC7, 0x72, 0xE5, 0x81,
    0xD5, 0xE2, 0x3E, 0xDB, 0x49, 0x38, 0x0D, 0x17, 0x7E, 0xF4, 0x3D, 0x49, 0xB9, 0x6F, 0xB8, 0xED,
    0xEE, 0x8C, 0x4B, 0xBD, 0x6F, 0x14, 0xD7, 0xBC, 0x99, 0x56, 0x26, 0x97, 0x18, 0xD8, 0xCD, 0x31,
    0x39, 0x99, 0x5B, 0x61, 0x52, 0x19, 0x55, 0xB4, 0x63, 0xDF, 0x15, 0xE3, 0x07, 0xB7, 0x88, 0xA5,
    0xA8, 0x1F, 0xDF, 0x2E, 0xC6, 0xA0, 0x1D, 0x03, 0xC5, 0x98, 0x7D, 0xCF, 0xEF, 0xAB, 0x91, 0x4C,
    0x1D, 0xAC, 0x66, 0x13, 0x97, 0x24, 0x7E, 0x40, 0x68, 0xAF, 0x26, 0xE2, 0x3A, 0x88, 0xF4, 0xA7,
    0xE2, 0xDD, 0xCF, 0xDF, 0x56, 0x19, 0x48, 0x8A, 0x5B, 0x00, 0x98, 0xA1, 0x07, 0xEB, 0xB2, 0x15,
    0x61, 0xA6, 0x56, 0xF4, 0x44, 0xB9, 0xDC, 0x38, 0xC3, 0xAD, 0xBC, 0xFA, 0xDD, 0xB0, 0x4F, 0x58,
    0x86, 0x48, 0xA0, 0x20, 0x4C, 0x58, 0x09, 0x43, 0x1C, 0xDD, 0xB2, 0x2B, 0x6A, 0x90, 0xB6, 0x8A,
    0x93, 0x21, 0x54, 0xBC, 0xF9, 0xCC, 0x99, 0xEB, 0x37, 0xB8, 0x01, 0xA5, 0xC8, 0x7A, 0xB6, 0x11,
    0xCF, 0x03, 0x76, 0x59, 0x42, 0xD4, 0x95, 0x4E, 0x99, 0xCE, 0xC8, 0xDC, 0x29, 0xBD, 0x01, 0x74,
    0x44, 0xF9, 0x25, 0x3E, 0xE2, 0xB3, 0x30, 0xC5, 0x1A, 0x0C, 0xEE, 0x11, 0x6B, 0xCF, 0x72, 0x5D,
    0xB0, 0xE5, 0xE0, 0x07, 0x20, 0xB5, 0x5D, 0xF1, 0xC8, 0x6B, 0x35, 0x58, 0xD0, 0x65, 0x90, 0x2B,
    0xCC, 0x0C, 0xB2, 0xB3, 0xDF, 0xC7, 0x19, 0x30, 0x03, 0x60, 0x53, 0x0B, 0xA8, 0x81, 0x5C, 0xC1,
    0xF4, 0x1E, 0xA0, 0x02, 0xE4, 0x3F, 0x90, 0x7C, 0xB2, 0x9C, 0xFC, 0x63, 0x56, 0x58, 0x2A, 0xA3,
    0xE7, 0x83, 0xA5, 0xA0, 0x76, 0x0A, 0xA8, 0xFA, 0x90, 0xC5, 0x09, 0xA2, 0x44, 0x71, 0x5A, 0xE7,
    0x49, 0xB0, 0xFC, 0xAB, 0x60, 0x22, 0x9A, 0x90, 0x0B, 0x23, 0xA3, 0x7A, 0x95, 0x05, 0xF3, 0x56,
    0x13, 0x54, 0xF3, 0x4E, 0xEE, 0xBB, 0xD0, 0xC9, 0xB0, 0xAC, 0x66, 0xCE, 0x2A, 0x80, 0xA8, 0x84,
    0xA6, 0x0E, 0xA0, 0x28, 0x65, 0xC9, 0xFF, 0x84, 0x1B, 0x12, 0x1B, 0x85, 0x5C, 0xCB, 0xAD, 0x35,
    0x4A, 0x15, 0x32, 0xAD, 0x61, 0xAD, 0xD9, 0x4C, 0x69, 0x31, 0xE7, 0xC3, 0xE2, 0x07, 0x67, 0xC6,
    0xB0, 0x69, 0x65, 0x4F, 0x32, 0xD8, 0xAE, 0x46, 0xAB, 0x0C, 0x35, 0x72, 0x4C, 0x65, 0xC2, 0x86,
    0xBA, 0xC3, 0x20, 0xD8, 0xCF, 0xC8, 0x73, 0x27, 0xEF, 0x1F, 0x5F, 0x69, 0x78, 0x5D, 0x2D, 0x5E,
    0xB1, 0x1B, 0xAF, 0x9C, 0x9C, 0x9F, 0xC0, 0x76, 0x58, 0x9C, 0xF9, 0x6A, 0x61, 0xA8, 0xAB, 0xF3,
    0x38, 0xDE, 0x04, 0x04, 0x16, 0x6F, 0x9A, 0x71, 0xBC, 0xA3, 0xF2, 0xB3, 0x66, 0x06, 0xA0, 0xB8,
    0xF5, 0x4B, 0x39, 0xE2, 0x67, 0x08, 0x44, 0x3E, 0x12, 0xE1, 0x39, 0x82, 0xCA, 0x45, 0xF8, 0x00,
    0x6B, 0xC8, 0x9F, 0x62, 0x20, 0xD5, 0xB2, 0x26, 0xF5, 0x43, 0x17, 0xB3, 0x5E, 0x53, 0xDB, 0x25,
    0x67, 0x53, 0xCE, 0x9E, 0xE8, 0xE0, 0xDD, 0x1D, 0x31, 0xFA, 0x6C, 0xED, 0xC9, 0x73, 0xBE, 0x00,
    0x8D, 0xAD, 0xB5, 0xA0, 0x07, 0x96, 0xEA, 0x9F, 0x71, 0xBE, 0x39, 0x14, 0xAF, 0xE7, 0x1A, 0x42,
    0x93, 0xC0, 0xAA, 0x4A, 0xE7, 0x0F, 0xE6, 0x1D, 0x01, 0x42, 0x38, 0x0C, 0xC8, 0xF5, 0x18, 0x73,
    0xE7, 0xEB, 0x79, 0x83, 0x19, 0x28, 0x2A, 0x61, 0x1C, 0x48, 0x60, 0xF9, 0xDC, 0xB7, 0x26, 0x9F,
    0xDB, 0xCC, 0x58, 0xB6, 0x1E, 0x41, 0xAE, 0x3E, 0x90, 0x10, 0x97, 0x54, 0x43, 0x5B, 0x6D, 0xD6,
    0xA9, 0x3A, 0x99, 0x8C, 0x2C, 0x37, 0x0A, 0xAA, 0xCD, 0x95, 0x1C, 0xAB, 0xD4, 0x69, 0x51, 0x9F,
    0xF4, 0x7A, 0x16, 0xFF, 0xCC, 0xCE, 0x4A, 0x0C, 0x2E, 0x53, 0x18, 0x30, 0x64, 0x56, 0x99, 0x96,
    0xB1, 0x4A, 0x89, 0x7F, 0x48, 0x7E, 0xEA, 0x04, 0x34, 0x0F, 0x5A, 0xA9, 0x0A, 0x9A, 0xD2, 0x4A,
    0x1B, 0xA1, 0x81, 0x82, 0x0B, 0x55, 0xAD, 0xF4, 0xE7, 0x79, 0xBA, 0xEE, 0x82, 0x21, 0x8A, 0xF8,
    0xA4, 0x62, 0x06, 0x58, 0x9B, 0xF5, 0x62, 0x0E, 0xBE, 0x6C, 0xCF, 0xAC, 0xE1, 0x09, 0x6B, 0xC3,
    0xC7, 0x9F, 0x51, 0x77, 0xDE, 0xB6, 0x3D, 0x13, 0xFA, 0x16, 0x79, 0xD0, 0x5D, 0x59, 0xD0, 0xD9,
    0xAA, 0x73, 0xE4, 0x42, 0x2F, 0x99, 0xEE, 0x42, 0x22, 0x68, 0xCB, 0x22, 0x41, 0x7E, 0x7D, 0x2C,
    0x8B, 0x3E, 0x29, 0x24, 0x82, 0x9C, 0xB4, 0x28, 0x56, 0x05, 0xA9, 0x9D, 0x1D, 0xE8, 0x3F, 0xB7,
    0x79, 0x16, 0xE6, 0x85, 0x3F, 0xAC, 0x46, 0x99, 0x28, 0xFF, 0x43, 0xE0, 0x47, 0x74, 0xA4, 0x2E,
    0xEC, 0x34, 0x6F, 0x62, 0x10, 0x1F, 0xE2, 0xC4, 0xE6, 0x51, 0x18, 0x64, 0xCF, 0x95, 0xF6, 0x5A,
    0x3C, 0xE6, 0x26, 0xE5, 0xF0, 0xB4, 0x14, 0x92, 0xFA, 0x3B, 0xCF, 0xEC, 0xAE, 0x1A, 0x4C, 0x53,
    0xF8, 0x0D, 0xC1, 0xDB, 0x17, 0x25, 0x97, 0xF6, 0x36, 0x51, 0x32, 0x8D, 0xBD, 0x59, 0xDF, 0x60,
    0x69, 0xBC, 0x6A, 0x5B, 0xC0, 0x28, 0x0D, 0xDE, 0x59, 0x2B, 0x22, 0x8B, 0x39, 0x08, 0xCF, 0x8A,
    0x32, 0x51, 0xD0, 0xE8, 0xB6, 0xF8, 0x50, 0xA3, 0xE7, 0x4B, 0xA3, 0xE3, 0x45, 0xE5, 0xB6, 0x04,
    0x48, 0xBF, 0xCC, 0x46, 0x6F, 0x7A, 0x6D, 0xCB, 0xF3, 0x2D, 0xEE, 0x04, 0x60, 0xAF, 0x24, 0x69,
    0xF0, 0x34, 0xD7, 0x84, 0x16, 0x72, 0x96, 0x55, 0x64, 0x56, 0x98, 0x17, 0xE3, 0xCA, 0x8F, 0x5A,
    0xF6, 0x13, 0xFA, 0x1D, 0xCA, 0xE9, 0xC2, 0xCA, 0x3F, 0xDE, 0x4D, 0xC7, 0x49, 0xB8, 0xC4, 0xCB,
    0xB4, 0x1F, 0xEF, 0x8E, 0xE2, 0xC9, 0xED, 0x39, 0x36, 0xFE, 0x78, 0x77, 0x96, 0xCD, 0xA3, 0xF3,
    0xFF, 0x1F, 0xAA, 0x0E, 0x5D, 0x61, 0xED, 0xCA, 0x01, 0x00
};

/**
 * Helper function to serve the dashboard HTML
 * Can be used directly with AsyncWebServer
 * 
 * Example:
 *   server.on("/", HTTP_GET, serveDashboardHTML);
 */
#ifdef ESP_ASYNC_WEBSERVER_H
inline void serveDashboardHTML(AsyncWebServerRequest *request) {
    AsyncWebServerResponse *response = request->beginResponse_P(
        200, "text/html", DASHBOARD_HTML_DATA, DASHBOARD_HTML_SIZE);
    response->addHeader("Content-Encoding", "gzip");
    response->addHeader("Cache-Control", "max-age=86400");
    request->send(response);
}
#endif

#endif // DASHBOARD_HTML_H
